Arapiraca-AL,-9.75487,-36.6615
Maceió-AL,-9.66599,-35.735
Palmeira dos Índios-AL,-9.40568,-36.6328
Manaus-AM,-3.11866,-60.0212
Parintins-AM,-2.63741,-56.729
São Gabriel da Cachoeira-AM,-0.11909,-67.084
Macapá-AP,0.034934,-51.0694
Amargosa-BA,-13.0215,-39.602
Barreiras-BA,-12.1439,-44.9968
Guanambi-BA,-14.2231,-42.7799
Paulo Afonso-BA,-9.3983,-38.2216
Salvador-BA,-12.9718,-38.5011
Seabra-BA,-12.4169,-41.7722
Vitória da Conquista-BA,-14.8615,-40.8442
Acopiara-CE,-6.08911,-39.448
Amontada-CE,-3.36017,-39.8288
Barbalha-CE,-7.2982,-39.3021
Caririaçu-CE,-7.02808,-39.2828
Cascavel-CE,-4.12967,-38.2412
Caucaia-CE,-3.72797,-38.6619
Crato-CE,-7.2153,-39.4103
Eusébio-CE,-3.8925,-38.4559
Fortaleza-CE,-3.71664,-38.5423
Jijoca de Jericoacoara-CE,-2.79331,-40.5127
Juazeiro do Norte-CE,-7.19621,-39.3076
Limoeiro do Norte-CE,-5.14392,-38.0847
Paraipaba-CE,-3.43799,-39.1479
Quixadá-CE,-4.9663,-39.0155
Sobral-CE,-3.68913,-40.3482
Tauá-CE,-5.98585,-40.2968
Brasília-DF,-15.7795,-47.9297
Alegre-ES,-20.758,-41.5382
Cariacica-ES,-20.2632,-40.4165
Colatina-ES,-19.5493,-40.6269
Serra-ES,-20.121,-40.3074
São Mateus-ES,-18.7214,-39.8579
Vitória-ES,-20.3155,-40.3128
Anápolis-GO,-16.3281,-48.953
Ceres-GO,-15.3061,-49.6
Goiânia-GO,-16.6864,-49.2643
São Luís-MA,-2.53874,-44.2825
Alto Caparaó-MG,-20.431,-41.8738
Araxá-MG,-19.5902,-46.9438
Araçuaí-MG,-16.8523,-42.0637
Barbacena-MG,-21.2214,-43.7703
Belo Horizonte-MG,-19.9102,-43.9266
Betim-MG,-19.9668,-44.2008
Botelhos-MG,-21.6412,-46.391
Carmo de Minas-MG,-22.1204,-45.1307
Cipotânea-MG,-20.9026,-43.3629
Contagem-MG,-19.9321,-44.0539
Divinópolis-MG,-20.1446,-44.8912
Florestal-MG,-19.888,-44.4318
Guaxupé-MG,-21.305,-46.7081
Ipatinga-MG,-19.4703,-42.5476
Itajubá-MG,-22.4225,-45.4598
Ituiutaba-MG,-18.9772,-49.4639
Leopoldina-MG,-21.5296,-42.6421
Montes Claros-MG,-16.7282,-43.8578
Muriaé-MG,-21.13,-42.3693
Muzambinho-MG,-21.3692,-46.5213
Oliveira-MG,-20.6982,-44.829
Ouro Preto-MG,-20.3796,-43.512
Patos de Minas-MG,-18.5699,-46.5013
Poços de Caldas-MG,-21.78,-46.5692
São João Evangelista-MG,-18.548,-42.7655
São João del Rei-MG,-21.1311,-44.2526
São Tiago-MG,-20.9075,-44.5098
Timóteo-MG,-19.5811,-42.6471
Uberaba-MG,-19.7472,-47.9381
Uberlândia-MG,-18.9141,-48.2749
Vazante-MG,-17.9827,-46.9088
Viçosa-MG,-20.7559,-42.8742
Aquidauana-MS,-20.4666,-55.7868
Campo Grande-MS,-20.4486,-54.6295
Corumbá-MS,-19.0077,-57.651
Jaraguari-MS,-20.1386,-54.3996
Nova Andradina-MS,-22.238,-53.3437
Alta Floresta-MT,-9.86674,-56.0867
Cuiabá-MT,-15.601,-56.0974
Altamira-PA,-3.20407,-52.21
Ananindeua-PA,-1.36391,-48.3743
Belém-PA,-1.4554,-48.4898
Marituba-PA,-1.36002,-48.3421
Cajazeiras-PB,-6.88004,-38.5577
Campina Grande-PB,-7.22196,-35.8731
Catolé do Rocha-PB,-6.34062,-37.747
João Pessoa-PB,-7.11509,-34.8641
Monteiro-PB,-7.88363,-37.1184
Patos-PB,-7.01743,-37.2747
Buíque-PE,-8.61954,-37.1606
Cabo de Santo Agostinho-PE,-8.28218,-35.0253
Caruaru-PE,-8.28455,-35.9699
Garanhuns-PE,-8.88243,-36.4966
Limoeiro-PE,-7.8726,-35.4402
Recife-PE,-8.04666,-34.8771
Corrente-PI,-10.4333,-45.1633
Pedro II-PI,-4.42585,-41.4482
São Raimundo Nonato-PI,-9.01241,-42.6987
Teresina-PI,-5.09194,-42.8034
Água Branca-PI,-5.88856,-42.637
Arapongas-PR,-23.4153,-51.4259
Campo Mourão-PR,-24.0463,-52.378
Cascavel-PR,-24.9573,-53.459
Curitiba-PR,-25.4195,-49.2646
Foz do Iguaçu-PR,-25.5427,-54.5827
Ibiporã-PR,-23.2659,-51.0522
Irati-PR,-25.4697,-50.6493
Londrina-PR,-23.304,-51.1691
Pinhais-PR,-25.4429,-49.1927
Ponta Grossa-PR,-25.0916,-50.1668
Quedas do Iguaçu-PR,-25.4492,-52.9102
Rolândia-PR,-23.3101,-51.3659
Angra dos Reis-RJ,-23.0011,-44.3196
Arraial do Cabo-RJ,-22.9774,-42.0267
Itaperuna-RJ,-21.1997,-41.8799
Niterói-RJ,-22.8832,-43.1034
Resende-RJ,-22.4705,-44.4509
Rio das Ostras-RJ,-22.5174,-41.9475
Rio de Janeiro-RJ,-22.9129,-43.2003
São Gonçalo-RJ,-22.8268,-43.0634
Ceará-Mirim-RN,-5.64323,-35.4247
Mossoró-RN,-5.18374,-37.3474
Natal-RN,-5.79357,-35.1986
Parnamirim-RN,-5.91116,-35.271
Santa Cruz-RN,-6.22475,-36.0193
Porto Velho-RO,-8.76077,-63.8999
Camaquã-RS,-30.8489,-51.8043
Canoas-RS,-29.9128,-51.1857
Feliz-RS,-29.4527,-51.3032
Frederico Westphalen-RS,-27.3586,-53.3958
Ivoti-RS,-29.5995,-51.1533
Panambi-RS,-28.2833,-53.5023
Passo Fundo-RS,-28.2576,-52.4091
Porto Alegre-RS,-30.0318,-51.2065
Rio Grande-RS,-32.0349,-52.1071
Santa Cruz do Sul-RS,-29.722,-52.4343
Vacaria-RS,-28.5079,-50.9418
Brusque-SC,-27.0977,-48.9107
Canoinhas-SC,-26.1766,-50.395
Florianópolis-SC,-27.5945,-48.5477
Itajaí-SC,-26.9101,-48.6705
Joinville-SC,-26.3045,-48.8487
Rio do Sul-SC,-27.2156,-49.643
São José-SC,-27.6136,-48.6366
Videira-SC,-27.0086,-51.1543
Aracaju-SE,-10.9091,-37.0677
Ribeirópolis-SE,-10.5357,-37.438
Americana-SP,-22.7374,-47.3331
Amparo-SP,-22.7088,-46.772
Araçatuba-SP,-21.2076,-50.4401
Atibaia-SP,-23.1171,-46.5563
Barretos-SP,-20.5531,-48.5698
Barueri-SP,-23.5057,-46.879
Bauru-SP,-22.3246,-49.0871
Botucatu-SP,-22.8837,-48.4437
Caieiras-SP,-23.3607,-46.7397
Campinas-SP,-22.9053,-47.0659
Cotia-SP,-23.6022,-46.919
Cubatão-SP,-23.8911,-46.424
Garça-SP,-22.2125,-49.6546
Guararema-SP,-23.4112,-46.0369
Guarulhos-SP,-23.4538,-46.5333
Holambra-SP,-22.6405,-47.0487
Hortolândia-SP,-22.8529,-47.2143
Indaiatuba-SP,-23.0816,-47.2101
Itapevi-SP,-23.5488,-46.9327
Itu-SP,-23.2544,-47.2927
Jacareí-SP,-23.2983,-45.9658
Jales-SP,-20.2672,-50.5494
Jandira-SP,-23.5275,-46.9023
Jundiaí-SP,-23.1852,-46.8974
Limeira-SP,-22.566,-47.397
Lins-SP,-21.6718,-49.7526
Mairiporã-SP,-23.3171,-46.5897
Mirassol-SP,-20.8169,-49.5206
Mogi Guaçu-SP,-22.3675,-46.9428
Mogi Mirim-SP,-22.4332,-46.9532
Mogi das Cruzes-SP,-23.5208,-46.1854
Osasco-SP,-23.5324,-46.7916
Paulínia-SP,-22.7542,-47.1488
Pompéia-SP,-22.107,-50.176
Pontal-SP,-21.0216,-48.0423
Presidente Prudente-SP,-22.1207,-51.3925
Ribeirão Preto-SP,-21.1699,-47.8099
Rio Claro-SP,-22.3984,-47.5546
Roseira-SP,-22.8938,-45.307
Salto-SP,-23.1996,-47.2931
Santa Bárbara d'Oeste-SP,-22.7553,-47.4143
Santa Isabel-SP,-23.3172,-46.2237
Santana de Parnaíba-SP,-23.4439,-46.9178
Santo André-SP,-23.6737,-46.5432
Santos-SP,-23.9535,-46.335
Socorro-SP,-22.5903,-46.5251
Sorocaba-SP,-23.4969,-47.4451
Suzano-SP,-23.5448,-46.3112
São Bernardo do Campo-SP,-23.6914,-46.5646
São Caetano do Sul-SP,-23.6229,-46.5548
São Carlos-SP,-22.0174,-47.886
São José do Rio Pardo-SP,-21.5953,-46.8873
São José do Rio Preto-SP,-20.8113,-49.3758
São José dos Campos-SP,-23.1896,-45.8841
São João da Boa Vista-SP,-21.9707,-46.7944
São Paulo-SP,-23.5329,-46.6395
Tatuí-SP,-23.3487,-47.8461
Taubaté-SP,-23.0104,-45.5593
Teodoro Sampaio-SP,-22.5299,-52.1682
Tupã-SP,-21.9335,-50.5191
Valinhos-SP,-22.9698,-46.9974
Vinhedo-SP,-23.0302,-46.9833
Votuporanga-SP,-20.4237,-49.9781
