task_name,count,sum_scores
amizade,2942,152577
anagrama,2878,134280
baralho,7466,283249
calculo,7533,322171
casamento,12206,506875
cifra,6879,270756
cubo,6854,281766
falha,11519,443541
festa,20485,754274
figurinhas,713,35970
idade,24136,946758
lista,12075,476967
livros,3694,177081
media,22453,921508
minhoca,5985,228401
minmax,2152,104188
ogro,5204,241392
pangrama,3449,129271
passatempo,3250,132673
pesquisa,1219,59390
plano,17361,683235
poligrama,8307,340211
potencia,3299,154402
recorde,5817,264977
retangulo,18086,634725
robo,12217,481986
sanduiche,13494,497803
sapo,5190,220275
senha,10598,427680
teclado,3292,151211
tempo,10851,403834
tenis,20487,878039
torneio,28377,1120495
zero,25185,977977
