name,count,sum_scores
2006f2p1_lobo,99,4510
2015f1ps_divisores,4,400
2016f1p2_chaves,11,650
2009f2pj_maratona,6,260
2020f2p1_estrada,145,6600
2016f1p2_chuva,22,500
2016f2p2_jardim,21,350
2017f3p2_codigo,35,2120
2021f3pj_casamento,43,2530
2021f2p2_sanduiche,154,6700
2012f2p2_banco,4,200
2018f2p2_elevador,74,3940
2014f2p2_mapa,5,410
2015f2p2_fila,23,180
2019f2p1_ponto,46,2350
2021f2p2_poligrama,240,10850
2019f3p2_etiquetas,17,870
2020f1pj_tesouro,49,2660
2016f2p2_quase-primo,79,2560
2009f2pj_choco,3,100
2011f2p1_colorir,30,1620
2016f2pj_fuga,22,1000
2010f1pj_pneu,14,800
2020f1p1_pandemia,22,1220
2012f2p1_costa,9,220
2017f3p1_bits,50,1980
2018f3pj_batalha,35,2300
2008f2p2_ortografia,1,10
2011f2p1_selos,13,750
2015f2p2_calculo,48,1750
2007f2p1_metro,29,1435
2015f1pj_mobile,192,10750
2012f2p2_bomba,3,100
2012f2p1_guerra,1,100
2021f1p1_tempo,80,4150
2015f1ps_metro,17,770
2017f2p1_castelos,7,400
2011f1p2_pesca,7,370
2011f2p2_escalona,10,450
2021f2pj_pesquisa,72,3640
2010f2p2_tradutor,2,0
2010f2p2_altas,1,90
2019f3p2_metro,43,950
2017f2p2_mapa,35,2860
2011f1pj_transporte,6,110
2020f3p1_rede,44,2740
2009f1p2_mito,6,170
2015f1pj_premio,13,900
2007f2p2_lab,5,430
2011f2pj_gincana,42,2260
2008f2pj_minicalc,16,645
2018f2p2_wifi,27,220
2019f1pj_secreta,10,500
2021f2p2_passatempo,60,3710
2018f2p1_campeonato,44,1060
2007f1p1_magico,26,1835
2019f2p2_detetive,43,250
2006f1p2_museu,1,90
2006f2p1_quadrado,12,340
2012f1p1_corrida,3,200
2021f2p2_senha,93,4050
2020f2p1_formiga,414,9240
2019f2pj_copos,67,2500
2020f3pj_calorias,35,2000
2019f1p2_soma,60,2875
2020f3pj_atlanta,18,1030
2018f1ps_ilhas,1,100
2014f2pj_loteria,27,2360
2010f1p2_cometa,1,100
2013f2p1_troco,53,1750
2020f1ps_bingo,53,2735
2018f1p1_escadinha,16,675
2009f1pj_envelopes1,15,1115
2013f2pj_plantacao,14,580
2012f1p2_cavalo,3,300
2020f2pj_pinos,23,880
2021f2pj_media,283,16220
2014f1p1_setas,10,150
2010f1p1_copa,4,400
2021f3p2_falha,58,2982
2018f2ps_sequencia,21,1095
2010f2pj_tacografo,5,500
2017f2p2_frete,62,2750
2017f3pj_onibus,11,725
2014f1p1_letra,7,200
2016f1p1_clube,3,300
2009f2p2_simulador,32,1390
2011f1p2_cartografico,1,100
2011f1pj_corrida,11,10
2007f1p2_repos,2,10
2017f1p1_teleferico,14,750
2014f1p1_semente,34,850
2016f2p1_arco,24,260
2016f1ps_direcao,12,775
2016f1pj_morango,17,1300
2020f1pj_piloto,37,2300
2020f2p2_quebra,36,1360
2008f1pj_obi,48,2410
2021f3p1_festa,25,323
2014f2p1_corredor,29,1350
2006f1p2_truco,15,800
2017f3p2_taxa,3,300
2010f1pj_garcom,8,700
2006f1p1_margaridas,1,0
2019f2p2_supermercado,53,2080
2017f3p2_arranhaceu,91,2800
2021f2p1_calculo,164,9250
2017f3p1_visita,3,300
2017f1ps_palindromo,5,40
2007f2p2_pizza,39,1960
2021f3pj_ogro,28,2350
2020f1p2_irmaos,27,1850
2018f3p2_muro,14,720
2010f1pj_sedex,3,300
2019f1p2_imperial,13,20
2018f3ps_maximin,3,25
2012f2pj_tenis,4,390
2010f1p2_elevador,7,590
2021f1p1_zero,148,9500
2020f1p2_acelerador,36,1700
2007f1p2_mobile,32,690
2019f2pj_tabela,99,3190
2013f2pj_fracoes,8,500
2006f2p1_autorama,10,100
2006f1p2_cartas,16,655
2018f2pj_copa,49,2690
2008f1pj_telefone2,24,1300
2019f3p1_mesa,13,500
2021f1pj_plano,71,3300
2018f1pj_basquete,58,4780
2016f2p1_caminhos-reino,6,80
2010f1p1_conta,4,330
2009f2p1_chocolate,11,630
2018f3p2_baldes,15,480
2009f2p1_olimp,1,10
2017f1p2_botas,58,1950
2012f1p2_frequencia,17,720
2013f1p1_robo,8,500
2011f2p1_bale,21,1480
2014f1p2_lingua,16,1100
2017f2pj_cartas,44,3300
2016f1pj_lampadas,8,400
2010f2p1_chamada,11,900
2010f2p1_marciano,2,140
2008f2pj_acoes,9,200
2013f2p1_quadrado,1,50
2019f2p1_matriz,23,640
2013f2pj_volume,5,400
2011f2pj_chuva,2,200
2011f2p2_magico,79,3180
2008f1pj_vestib,22,1710
2015f1p2_caixinha,1,100
2018f3pj_troca,14,710
2019f1p1_amigos,16,600
2021f1pj_torneio,173,8230
2009f2p2_cadeiras,14,0
2012f2p2_soma,13,900
2018f1p1_xadrez,22,1350
2012f1p1_vice,3,300
2009f1pj_papel,12,1000
2008f1p1_insens,4,300
2017f2p2_papel,52,890
2020f3pj_celular,11,0
2012f2p2_album,6,470
2021f2p1_retangulo,270,9060
2018f3p2_mancha,3,300
2019f3p1_colecao,7,500
2008f2p2_frete,5,375
2014f2p2_blefe,20,1050
2016f2p2_falta-uma,26,1500
2010f2p2_matrizes,1,0
2013f2p1_poligono,9,200
2019f1p2_chuva,14,560
2014f2p1_decifra,5,480
2019f1p1_jogo,7,600
2012f2pj_chocolate,15,430
2020f1pj_relogio,18,920
2015f1pj_fita,26,560
2014f2pj_bolinha,3,300
2013f2p2_troia,60,1660
2014f1p2_fechadura,5,400
2016f2ps_arco-online,10,0
2016f1pj_jogo,10,800
2006f1p2_escada,4,305
2018f2p1_relogios,5,175
2021f2p1_lista,604,17610
2020f2ps_caixeiro,42,675
2007f2p1_tele,90,4610
2021f1p2_cifra,104,7110
2015f1p2_real,4,400
2011f1p1_pulosapo,1,100
2020f1pj_caixas,22,950
2019f3p2_exploracao,8,175
2010f1p2_reuniao,3,210
2017f3p2_imperio,29,2160
2008f1p2_lanche,13,895
2018f3p2_cinco,15,900
2013f1p1_corrida,2,80
2020f1pj_camisetas,75,3400
2014f2p2_notas,7,640
2011f1pj_campominado,29,1700
2015f1p1_arquivos,8,250
2016f2p2_ciclovias,19,240
2009f1p1_envelopes,3,0
2016f1p2_toca-saci,7,0
2015f2p1_capitais,17,840
2011f2p2_expressoes,22,1380
2019f3pj_manchas,24,1290
2021f3ps_teclado,12,439
2021f2pj_tenis,483,24080
2017f3pj_gomoku,16,620
2010f2pj_escada,47,1420
2012f1pj_campeonato,7,480
2020f1p1_emoticons,23,1120
2012f2pj_bolo,13,870
2013f1pj_saldo,1,90
2020f1p2_ralouim,16,1200
2020f3p1_trem,4,200
2009f2pj_banda,4,30
2019f3pj_pares,16,1000
2010f1p2_batalha,4,70
2016f2pj_medalhas,17,1000
2016f1ps_avenida,5,425
2009f1p2_pontes,24,1335
2010f2p1_fusoes,36,2150
2015f1p1_linhas,5,230
2010f1p1_times,21,1470
2014f1ps_carteiro,19,860
2021f2pj_pangrama,70,3290
2021f3p2_cubo,94,2530
2018f1p2_figurinhas,102,5020
2006f1p1_monopolio,2,200
2019f3p2_prix,76,5870
2015f2p2_chocolate,51,1900
2018f1p1_piramide,5,100
2011f2p2_rmapa,10,940
2016f2ps_times,4,200
2014f1pj_fliper,6,440
2007f1p1_perdida,12,670
2020f1p1_fissura,47,1420
2020f3p1_jogo,38,1720
2009f1p2_nota,1,100
2017f1p2_chefe,8,340
2015f2pj_impedido,18,1300
2008f2p1_cavalos,1,100
2018f1p2_piso,38,1300
2015f2ps_catador,56,1120
2018f1pj_album,14,600
2019f1p1_nota,2,200
2021f2ps_minmax,95,7530
2008f1p1_telefone,3,300
2010f2p1_danca,19,690
2018f2pj_pesos,27,1760
2007f2p1_uiqui,16,165
2021f3pj_sapo,20,542
2014f2p1_memoria,15,920
2011f2p1_calculadora,29,1140
2014f2p2_tapetes,3,230
2015f2p1_letras,13,400
2017f1p2_game10,22,1350
2012f1pj_busca,6,600
2007f1p1_colisoes,44,2580
2016f2pj_gincana,24,1640
2014f2ps_voo,14,150
2021f1pj_idade,694,19450
2020f2p2_fotografia,98,5580
2019f3pj_parcelamento,11,925
2013f1p2_lencol,2,30
2017f3pj_zip,3,180
2018f3pj_pulo,9,810
2021f2pj_potencia,85,5580
2013f2p1_manhattan,2,100
2010f2pj_dentista,28,660
2007f1p2_choc,3,100
2017f2p2_xerxes,37,1775
2019f2pj_nota,97,8100
2021f2pj_recorde,131,7790
2012f1pj_maior,7,490
2006f2p2_subsequencias,1,0
2018f3p1_recibo,12,870
2017f1pj_bondinho,266,14000
2015f2pj_codigo,34,1700
2006f1p2_caju,6,180
2020f1pj_escher,5,60
2015f1ps_cor,27,1360
2015f2ps_usina,3,0
2009f1pj_overflow,3,200
2015f1p2_coral,2,200
2016f1p1_tacos-bilhar,15,600
2012f1p2_tarzan,11,1010
2019f1pj_domino,17,1300
2015f2p2_macacos,13,640
2016f2pj_caverna,34,1500
2014f2p1_quadrado,13,880
2018f3p1_gato,6,320
2019f1pj_idade,106,4450
2020f3p2_candidatas,22,460
2017f2pj_montanha,69,1875
2017f1p1_cofre,214,10940
2016f1p2_sanduiche,27,860
2020f2pj_cruzadas,32,1100
2015f2ps_napolitano,13,380
2015f1p2_quebra,3,300
2011f1p1_triangulos,2,200
2020f1p1_3por2,209,8960
2015f2pj_torre,55,2380
2013f1p2_alvo,5,270
2009f2p2_olimpiada,12,0
2014f1p2_pacman,2,200
2014f1p2_copa,11,1000
2017f2pj_tabuleiro,58,2825
2008f1p2_aviao,2,150
2021f3p2_minhoca,34,650
2015f2p2_mina,12,370
2014f2pj_sinuca,15,910
2013f2p2_janela,1,100
2019f3p1_linhas,26,1000
2012f1p2_colchao,6,510
2020f1ps_musica,16,770
2017f1pj_drone,3,225
2021f1ps_baralho,31,2060
2021f2pj_anagrama,161,6120
2011f1p2_tesouro,1,100
2021f3pj_plano,47,626
2016f2p2_pokemon,16,900
2014f2p2_frequencia,18,40
2020f2pj_lesma,149,6540
2008f1p2_ogros,30,1670
2018f3p2_bolas,33,1160
2006f1p1_conversa,13,100
2008f2pj_auto,37,2165
2011f2p2_vira,2,0
2020f3pj_torre,13,630
2021f2pj_robo,56,2260
2018f2p2_fuga,37,1560
2017f3p2_postes,25,1300
2012f2p1_carnaval,10,500
2014f1p1_triangulo,5,450
2014f1pj_gangorra,2,200
2012f1p1_iguais,6,500
2014f1ps_cartas,19,990
2020f1ps_paciente,16,780
2020f1ps_garamana,21,1080
2010f1p1_pedagio,8,700
2009f1p1_bacterias,20,1435
2014f1pj_fila,44,1700
2018f2pj_capsulas,114,2760
2011f1p1_pas,21,590
