task_name,count,sum_scores
barcos,13768,314027
bonecas,7706,179625
cabo,18117,503042
casquinha,4126,99744
chinelos,7412,177871
codigo,22306,594677
contas,75148,1826871
corrida,21554,499488
distintos,52329,1210054
domino,7652,174312
empresa,4580,124478
epidemia,13501,322774
estante,20385,557207
estoque,31440,805238
fastfood,6993,155721
fortunas,9156,214426
garrafoes,4833,107417
grupos,50194,1181638
leilao,19523,517559
machine,7144,185222
mecanica,27408,636103
metronibus,4236,97991
pinguins,5410,151716
piramide,11989,361099
pizza,8383,227585
prefixo,33860,872108
premio,18331,456019
roda,36947,1019400
startup,26143,601975
subsequencia,35468,788735
suco,10432,279392
tesouro,6359,158504
toupeira,16430,401919
transportes,13653,328602
upa,20064,491318
var,45358,1117169
viagem,1755,44770
