task_name,count,sum_scores
bolo,2839,114163
bombom,5631,165115
cameras,12358,348622
caminho,5464,169926
caravana,6195,221771
carro,4368,133300
chuva,19440,509458
cinema,18346,560347
digitos,22748,671448
estante,2033,65360
hotel,47620,1405294
jogo,1831,75550
laser,1042,35912
laserzinho,607,19790
magico,8825,265957
maior,12780,383013
minhoca,3611,106811
pilhas,18142,514129
piramide,12919,404561
pizza,9764,311552
portas,2735,92057
potes,659,21685
quadrado,4052,130451
radares,5278,144780
reencontro,1463,52831
rodovia,8396,244619
show,7931,212989
subcadeias,15267,457666
tanque,20471,627607
tesouro,471,19217
teste,2976,95421
trofeu,14776,476340
viagem,10097,273284
xormaximo,553,19246
