Arapiraca-AL,-9.75487,-36.6615,P2=1
Maceió-AL,-9.66599,-35.735,PJ=3,P1=5,P2=3
Palmeira dos Índios-AL,-9.40568,-36.6328,P1=1
Manaus-AM,-3.11866,-60.0212,P1=9,P2=4
Parintins-AM,-2.63741,-56.729,P2=1
São Gabriel da Cachoeira-AM,-0.11909,-67.084,P1=1
Macapá-AP,0.034934,-51.0694,P2=1
Guanambi-BA,-14.2231,-42.7799,P2=2
Salvador-BA,-12.9718,-38.5011,P2=3
Seabra-BA,-12.4169,-41.7722,P1=2,P2=1
Vitória da Conquista-BA,-14.8615,-40.8442,PJ=1
Acopiara-CE,-6.08911,-39.448,P2=2
Caririaçu-CE,-7.02808,-39.2828,P2=1
Cascavel-CE,-4.12967,-38.2412,P1=5,P2=9
Caucaia-CE,-3.72797,-38.6619,P2=1
Fortaleza-CE,-3.71664,-38.5423,PJ=8,P1=13,P2=25
Quixadá-CE,-4.9663,-39.0155
Sobral-CE,-3.68913,-40.3482,P2=1
Brasília-DF,-15.7795,-47.9297,P1=3,P2=6
Alegre-ES,-20.758,-41.5382,P1=2
Colatina-ES,-19.5493,-40.6269,P2=3
Serra-ES,-20.121,-40.3074,P1=7,P2=3
São Mateus-ES,-18.7214,-39.8579
Vitória-ES,-20.3155,-40.3128,P2=5
Anápolis-GO,-16.3281,-48.953
Ceres-GO,-15.3061,-49.6,P1=3
Goiânia-GO,-16.6864,-49.2643,P2=3
São Luís-MA,-2.53874,-44.2825,P1=1,P2=2
Alto Caparaó-MG,-20.431,-41.8738,P2=1
Araçuaí-MG,-16.8523,-42.0637
Barbacena-MG,-21.2214,-43.7703,P2=1
Belo Horizonte-MG,-19.9102,-43.9266,PJ=6,P1=15,P2=10
Betim-MG,-19.9668,-44.2008,P2=1
Carmo de Minas-MG,-22.1204,-45.1307,P2=2
Contagem-MG,-19.9321,-44.0539,P2=1
Florestal-MG,-19.888,-44.4318
Ipatinga-MG,-19.4703,-42.5476,P2=2
Itajubá-MG,-22.4225,-45.4598,P2=1
Ituiutaba-MG,-18.9772,-49.4639,P2=1
Leopoldina-MG,-21.5296,-42.6421,P2=1
Montes Claros-MG,-16.7282,-43.8578,P2=2
Muriaé-MG,-21.13,-42.3693,P2=2
Muzambinho-MG,-21.3692,-46.5213,P2=1
Ouro Preto-MG,-20.3796,-43.512,P2=1
Patos de Minas-MG,-18.5699,-46.5013
Poços de Caldas-MG,-21.78,-46.5692,P2=1
Timóteo-MG,-19.5811,-42.6471,P2=1
Uberaba-MG,-19.7472,-47.9381,P2=1
Uberlândia-MG,-18.9141,-48.2749,P1=2,P2=8
Viçosa-MG,-20.7559,-42.8742
Aquidauana-MS,-20.4666,-55.7868,P2=1
Campo Grande-MS,-20.4486,-54.6295,P1=1,P2=1
Corumbá-MS,-19.0077,-57.651
Nova Andradina-MS,-22.238,-53.3437,P1=1
Cuiabá-MT,-15.601,-56.0974,P1=1
Altamira-PA,-3.20407,-52.21,P1=2
Cajazeiras-PB,-6.88004,-38.5577
Campina Grande-PB,-7.22196,-35.8731,PJ=2,P1=5,P2=3
Catolé do Rocha-PB,-6.34062,-37.747,P1=1,P2=1
João Pessoa-PB,-7.11509,-34.8641,P1=7,P2=2
Monteiro-PB,-7.88363,-37.1184
Patos-PB,-7.01743,-37.2747,P2=1
Buíque-PE,-8.61954,-37.1606,P1=2
Cabo de Santo Agostinho-PE,-8.28218,-35.0253,P2=1
Caruaru-PE,-8.28455,-35.9699,P2=1
Garanhuns-PE,-8.88243,-36.4966,P2=1
Limoeiro-PE,-7.8726,-35.4402,P2=1
Recife-PE,-8.04666,-34.8771,PJ=1,P1=3,P2=7
Corrente-PI,-10.4333,-45.1633
Pedro II-PI,-4.42585,-41.4482
São Raimundo Nonato-PI,-9.01241,-42.6987,PJ=1,P1=2,P2=1
Teresina-PI,-5.09194,-42.8034,PJ=1,P1=1,P2=2
Arapongas-PR,-23.4153,-51.4259,P2=1
Cascavel-PR,-24.9573,-53.459,P2=1
Curitiba-PR,-25.4195,-49.2646,PJ=1,P1=1,P2=2
Foz do Iguaçu-PR,-25.5427,-54.5827
Irati-PR,-25.4697,-50.6493,P2=1
Pinhais-PR,-25.4429,-49.1927,P2=1
Ponta Grossa-PR,-25.0916,-50.1668
Quedas do Iguaçu-PR,-25.4492,-52.9102,P2=4
Arraial do Cabo-RJ,-22.9774,-42.0267,P2=1
Itaperuna-RJ,-21.1997,-41.8799,P2=1
Niterói-RJ,-22.8832,-43.1034,PJ=2,P1=1
Rio das Ostras-RJ,-22.5174,-41.9475
Rio de Janeiro-RJ,-22.9129,-43.2003,PJ=2,P1=8,P2=17
Ceará-Mirim-RN,-5.64323,-35.4247,P1=1,P2=1
Mossoró-RN,-5.18374,-37.3474,P2=1
Natal-RN,-5.79357,-35.1986,P1=4,P2=2
Parnamirim-RN,-5.91116,-35.271,P1=1,P2=1
Santa Cruz-RN,-6.22475,-36.0193,P2=1
Porto Velho-RO,-8.76077,-63.8999,P2=2
Camaquã-RS,-30.8489,-51.8043,P2=1
Canoas-RS,-29.9128,-51.1857,P2=1
Feliz-RS,-29.4527,-51.3032,P1=1,P2=1
Frederico Westphalen-RS,-27.3586,-53.3958,PJ=2
Panambi-RS,-28.2833,-53.5023,P1=1
Passo Fundo-RS,-28.2576,-52.4091,P1=2
Porto Alegre-RS,-30.0318,-51.2065,PJ=1,P1=1,P2=3
Rio Grande-RS,-32.0349,-52.1071,P1=3,P2=1
Santa Cruz do Sul-RS,-29.722,-52.4343,P2=3
Vacaria-RS,-28.5079,-50.9418,P2=1
Brusque-SC,-27.0977,-48.9107,P1=1
Florianópolis-SC,-27.5945,-48.5477,P2=2
Joinville-SC,-26.3045,-48.8487
Rio do Sul-SC,-27.2156,-49.643,P1=1
São José-SC,-27.6136,-48.6366,PJ=1
Aracaju-SE,-10.9091,-37.0677,PJ=6,P1=3,P2=3
Americana-SP,-22.7374,-47.3331,P2=1
Araçatuba-SP,-21.2076,-50.4401,P1=1
Barretos-SP,-20.5531,-48.5698,P2=1
Barueri-SP,-23.5057,-46.879,P1=1
Bauru-SP,-22.3246,-49.0871,P2=1
Campinas-SP,-22.9053,-47.0659,PJ=2,P1=4,P2=8
Cotia-SP,-23.6022,-46.919,PJ=1
Cubatão-SP,-23.8911,-46.424,P2=1
Garça-SP,-22.2125,-49.6546
Guarulhos-SP,-23.4538,-46.5333,P2=4
Holambra-SP,-22.6405,-47.0487,P2=1
Indaiatuba-SP,-23.0816,-47.2101,PJ=1
Itu-SP,-23.2544,-47.2927,PJ=1
Jundiaí-SP,-23.1852,-46.8974,P2=3
Limeira-SP,-22.566,-47.397,P2=2
Lins-SP,-21.6718,-49.7526,P2=1
Mogi das Cruzes-SP,-23.5208,-46.1854,P1=1
Paulínia-SP,-22.7542,-47.1488,P2=1
Ribeirão Preto-SP,-21.1699,-47.8099
Salto-SP,-23.1996,-47.2931
Santana de Parnaíba-SP,-23.4439,-46.9178,PJ=1,P2=2
Santo André-SP,-23.6737,-46.5432
Santos-SP,-23.9535,-46.335,PJ=2,P2=3
Socorro-SP,-22.5903,-46.5251,P1=1
Sorocaba-SP,-23.4969,-47.4451,P2=2
São Carlos-SP,-22.0174,-47.886,P1=3,P2=3
São José do Rio Pardo-SP,-21.5953,-46.8873,P2=1
São José do Rio Preto-SP,-20.8113,-49.3758,P2=1
São José dos Campos-SP,-23.1896,-45.8841,P1=2,P2=4
São Paulo-SP,-23.5329,-46.6395,PJ=15,P1=25,P2=44
Tatuí-SP,-23.3487,-47.8461,P2=1
Taubaté-SP,-23.0104,-45.5593,PJ=2,P2=3
Tupã-SP,-21.9335,-50.5191,P1=2
Valinhos-SP,-22.9698,-46.9974,PJ=2,P1=4,P2=5
