[{"model": "cal.calendarcompetition", "pk": 1, "fields": {"name": "Modalidade Inicia\u00e7\u00e3o", "name_abbrev": "Modalidade Inicia\u00e7\u00e3o", "link": null, "color": "green-bkgd", "color_emph": "dark-green-bkgd"}}, {"model": "cal.calendarcompetition", "pk": 2, "fields": {"name": "Feriado Nacional", "name_abbrev": "Feriado Nacional", "link": null, "color": "grey-bkgd", "color_emph": null}}, {"model": "cal.calendarcompetition", "pk": 3, "fields": {"name": "Modalidade Programa\u00e7\u00e3o", "name_abbrev": "Modalidade Programa\u00e7\u00e3o", "link": null, "color": "blue-bkgd", "color_emph": "middle-blue-bkgd"}}, {"model": "cal.calendarcompetition", "pk": 4, "fields": {"name": "Geral", "name_abbrev": "Geral", "link": null, "color": "light-purple-bkgd", "color_emph": null}}, {"model": "cal.calendarevent", "pk": 6, "fields": {"name": "Tiradentes", "competition": 2, "start": "2020-04-21", "finish": "2020-04-21", "emph": false, "comment": "#", "slug": "feriado-tiradentes"}}, {"model": "cal.calendarevent", "pk": 7, "fields": {"name": "Prova da Fase 1 [TURNO A]", "competition": 1, "start": "2020-06-22", "finish": "2020-06-23", "emph": true, "comment": "Realizada online ou na escola, hor\u00e1rio \u00e0 escolha, dura\u00e7\u00e3o uma hora.", "slug": "ini-prova-da-fase-1"}}, {"model": "cal.calendarevent", "pk": 8, "fields": {"name": "Prova da Fase 1 [TURNO A]", "competition": 3, "start": "2020-06-15", "finish": "2020-06-16", "emph": true, "comment": "Realizada online ou na escola, hor\u00e1rio \u00e0 escolha, dura\u00e7\u00e3o duas horas.", "slug": "prog-prova-da-fase-1"}}, {"model": "cal.calendarevent", "pk": 9, "fields": {"name": "Ano Novo", "competition": 2, "start": "2020-01-01", "finish": "2020-01-01", "emph": false, "comment": "#", "slug": "ano-novo"}}, {"model": "cal.calendarevent", "pk": 10, "fields": {"name": "Sexta-feira Santa", "competition": 2, "start": "2020-04-10", "finish": "2020-04-10", "emph": false, "comment": "#", "slug": "sexta-feira-santa"}}, {"model": "cal.calendarevent", "pk": 11, "fields": {"name": "Dia do Trabalho", "competition": 2, "start": "2020-05-01", "finish": "2020-05-01", "emph": false, "comment": "#", "slug": "dia-do-trabalho"}}, {"model": "cal.calendarevent", "pk": 12, "fields": {"name": "Corpus Christi", "competition": 2, "start": "2020-06-11", "finish": "2020-06-11", "emph": false, "comment": "#", "slug": "corpus-christi"}}, {"model": "cal.calendarevent", "pk": 13, "fields": {"name": "Independ\u00eancia do Brasil", "competition": 2, "start": "2020-09-07", "finish": "2020-09-07", "emph": false, "comment": "#", "slug": "independencia-do-brasil"}}, {"model": "cal.calendarevent", "pk": 14, "fields": {"name": "Nossa Senhora Aparecida", "competition": 2, "start": "2020-10-12", "finish": "2020-10-12", "emph": false, "comment": "#", "slug": "nossa-senhora-aparecida"}}, {"model": "cal.calendarevent", "pk": 15, "fields": {"name": "Finados", "competition": 2, "start": "2020-11-02", "finish": "2020-11-02", "emph": false, "comment": "#", "slug": "finados"}}, {"model": "cal.calendarevent", "pk": 16, "fields": {"name": "Proclama\u00e7\u00e3o da Rep\u00fablica", "competition": 2, "start": "2020-11-15", "finish": "2020-11-15", "emph": false, "comment": "#", "slug": "proclamacao-da-republica"}}, {"model": "cal.calendarevent", "pk": 17, "fields": {"name": "Natal", "competition": 2, "start": "2020-12-25", "finish": "2020-12-25", "emph": false, "comment": "#", "slug": "natal"}}, {"model": "cal.calendarevent", "pk": 18, "fields": {"name": "Dia do Servidor P\u00fablico", "competition": 2, "start": "2020-10-28", "finish": "2020-10-28", "emph": false, "comment": "#", "slug": "dia-do-servidor-publico"}}, {"model": "cal.calendarevent", "pk": 19, "fields": {"name": "Dia da Consci\u00eancia Negra", "competition": 2, "start": "2020-11-20", "finish": "2020-11-20", "emph": false, "comment": "#", "slug": "dia-da-consciencia-negra"}}, {"model": "cal.calendarevent", "pk": 20, "fields": {"name": "Semana Ol\u00edmpica", "competition": 1, "start": "2021-01-10", "finish": "2021-01-16", "emph": false, "comment": "#", "slug": "geral-semana-olimpica"}}, {"model": "cal.calendarevent", "pk": 21, "fields": {"name": "Abertura das inscri\u00e7\u00f5es", "competition": 4, "start": "2020-05-02", "finish": "2020-05-02", "emph": false, "comment": "Cadastro de escolas e inscri\u00e7\u00e3o de competidores.", "slug": "geral-abertura-das-inscricoes"}}, {"model": "cal.calendarevent", "pk": 22, "fields": {"name": "Prova da Fase 2", "competition": 1, "start": "2020-11-07", "finish": "2020-11-07", "emph": true, "comment": "Realizada online. <ul><li>Inicia\u00e7\u00e3o J\u00fanior e Inicia\u00e7\u00e3o 1: 8:30 - 11:00<li>Inicia\u00e7\u00e3o 2: 11:00 - 12:30</ul>", "slug": "ini-prova-da-fase-2"}}, {"model": "cal.calendarevent", "pk": 23, "fields": {"name": "Prova da Fase 2", "competition": 3, "start": "2020-10-24", "finish": "2020-10-24", "emph": true, "comment": "Realizada online. <ul><li>Programa\u00e7\u00e3o J\u00fanior: 8:00 - 10:00<li> Programa\u00e7\u00e3o N\u00edvel 1: 10:00 - 12:00<li>Programa\u00e7\u00e3o N\u00edvel 2:  14:00 - 16:00<li>Programa\u00e7\u00e3o S\u00eanior: 16:00 - 18:00</ul>", "slug": "prog-prova-da-fase-2"}}, {"model": "cal.calendarevent", "pk": 24, "fields": {"name": "Prova da Fase 3", "competition": 3, "start": "2020-11-28", "finish": "2020-11-28", "emph": true, "comment": "Realizada online. <ul><li>Programa\u00e7\u00e3o J\u00fanior: 8:00 - 11:00<li> Programa\u00e7\u00e3o N\u00edvel 1: 8:00 - 12:00<li>Programa\u00e7\u00e3o N\u00edvel 2 e Programa\u00e7\u00e3o S\u00eanior: 13:00 - 18:00</ul>", "slug": "prog-prova-da-fase-3"}}, {"model": "cal.calendarevent", "pk": 25, "fields": {"name": "Prova da Fase 3", "competition": 1, "start": "2020-12-05", "finish": "2020-12-05", "emph": true, "comment": "Realizada online. <ul><li>Inicia\u00e7\u00e3o J\u00fanior e Inicia\u00e7\u00e3o 1: 8:00 - 11:00<li>Inicia\u00e7\u00e3o 2: 11:00 - 13:00</ul>", "slug": "ini-prova-da-fase-3"}}, {"model": "cal.calendarevent", "pk": 26, "fields": {"name": "Cadernos de Tarefas das provas da Fase 1 disponibilizados para Coordenadores [TURNO A]", "competition": 1, "start": "2020-06-18", "finish": "2020-06-18", "emph": false, "comment": "Para impress\u00e3o, <b>apenas para Escolas que ir\u00e3o aplicar a prova presencial</b>; Coordenador Local deve imprimir uma c\u00f3pia do Caderno de Provas e uma Folha de Respostas para cada competidor.", "slug": "ini-prova-da-fase-1-publica-para-coord"}}, {"model": "cal.calendarevent", "pk": 27, "fields": {"name": "Cadernos de Tarefas das provas da Fase 1 disponibilizados para Coordenadores [TURNO A]", "competition": 3, "start": "2020-06-11", "finish": "2020-06-11", "emph": false, "comment": "Para impress\u00e3o; Coordenador Local deve imprimir uma c\u00f3pia do Caderno de Provas para cada competidor.", "slug": "prog-prova-da-fase-1-publica-para-coord"}}, {"model": "cal.calendarevent", "pk": 28, "fields": {"name": "Cadernos de prova da Fase 2 disponibilizados para Coordenadores", "competition": 3, "start": "2021-01-01", "finish": "2021-01-01", "emph": false, "comment": "Para impress\u00e3o; Coordenador Local deve imprimir uma c\u00f3pia do Caderno de Provas para cada competidor.", "slug": "prog-prova-da-fase-2-publica-para-coord"}}, {"model": "cal.calendarevent", "pk": 29, "fields": {"name": "Cadernos de Tarefas das provas da Fase 2 disponibilizados para Coordenadores", "competition": 1, "start": "2021-01-02", "finish": "2021-01-02", "emph": false, "comment": "Para impress\u00e3o; Coordenador Local deve imprimir uma c\u00f3pia do Caderno de Provas e uma Folha de Respostas para cada competidor.", "slug": "ini-prova-da-fase-2-publica-para-coord"}}, {"model": "cal.calendarevent", "pk": 30, "fields": {"name": "Cadernos de Tarefas das provas e gabaritos da Fase 2 disponibilizados no site", "competition": 3, "start": "2020-10-29", "finish": "2020-10-29", "emph": false, "comment": null, "slug": "prog-prova-da-fase-2-publica"}}, {"model": "cal.calendarevent", "pk": 31, "fields": {"name": "Cadernos de Tarefas das provas e gabaritos da Fase 1 disponibilizados no site [TURNO A]", "competition": 3, "start": "2020-06-20", "finish": "2020-06-20", "emph": false, "comment": null, "slug": "prog-prova-da-fase-1-publica"}}, {"model": "cal.calendarevent", "pk": 32, "fields": {"name": "Cadernos de Tarefas das provas da Fase 3 disponibilizados para Coordenadores", "competition": 3, "start": "2021-01-10", "finish": "2021-01-10", "emph": false, "comment": "Para impress\u00e3o; Coordenador da Sede Nacional deve imprimir uma c\u00f3pia do Caderno de Provas para cada competidor.", "slug": "prog-prova-da-fase-3-publica-para-coord"}}, {"model": "cal.calendarevent", "pk": 33, "fields": {"name": "Cadernos de Tarefas das provas da Fase 3 disponibilizados para Coordenadores", "competition": 1, "start": "2021-01-08", "finish": "2021-01-08", "emph": false, "comment": "Para impress\u00e3o; Coordenador de Sede Nacional deve imprimir uma c\u00f3pia do Caderno de Provas e uma Folha de Respostas para cada competidor.", "slug": "ini-prova-da-fase-3-publica-para-coord"}}, {"model": "cal.calendarevent", "pk": 34, "fields": {"name": "Cadernos de Tarefas das provas e gabaritos da Fase 3 disponibilizados no site", "competition": 3, "start": "2020-12-03", "finish": "2020-12-03", "emph": false, "comment": null, "slug": "prog-prova-da-fase-3-publica"}}, {"model": "cal.calendarevent", "pk": 35, "fields": {"name": "\u00daltimo dia do per\u00edodo de envio de solu\u00e7\u00f5es por parte dos Coordenadores de Sede", "competition": 3, "start": "2021-01-07", "finish": "2021-01-07", "emph": false, "comment": null, "slug": "prog-fase-3-termino-envio-solucoes"}}, {"model": "cal.calendarevent", "pk": 36, "fields": {"name": "\u00daltimo dia do per\u00edodo de envio de Folhas de Respostas por parte dos Coordenadores de Sede", "competition": 1, "start": "2021-01-09", "finish": "2021-01-09", "emph": false, "comment": null, "slug": "ini-fase-3-termino-envio-folhas-de-respostas"}}, {"model": "cal.calendarevent", "pk": 37, "fields": {"name": "Cadernos de Tarefas das provas e gabaritos da Fase 3 disponibilizados no site", "competition": 1, "start": "2020-12-07", "finish": "2020-12-07", "emph": false, "comment": null, "slug": "ini-prova-da-fase-3-publica"}}, {"model": "cal.calendarevent", "pk": 38, "fields": {"name": "\u00daltimo dia do per\u00edodo de envio de Folhas de Respostas da Fase 1por parte dos Coordenadores Locais [TURNO A]", "competition": 1, "start": "2021-01-06", "finish": "2021-01-06", "emph": false, "comment": null, "slug": "ini-fase1-envio-folhas-de-respostas"}}, {"model": "cal.calendarevent", "pk": 39, "fields": {"name": "\u00daltimo dia do per\u00edodo de envio de Solu\u00e7\u00f5es da Fase 1 por parte dos Coordenadores Locais [TURNO A]", "competition": 3, "start": "2020-06-19", "finish": "2020-06-19", "emph": false, "comment": "Apenas para escolas que aplicaram a prova presencial.", "slug": "prog-fase1-envio-solucoes"}}, {"model": "cal.calendarevent", "pk": 40, "fields": {"name": "Cadernos de Tarefas das provas e gabaritos da Fase 1 disponibilizados no site [TURNO A]", "competition": 1, "start": "2020-07-01", "finish": "2020-07-01", "emph": false, "comment": null, "slug": "ini-prova-da-fase-publica"}}, {"model": "cal.calendarevent", "pk": 41, "fields": {"name": "Resultado preliminar da Fase 1 [TURNO A]", "competition": 4, "start": "2020-07-04", "finish": "2020-07-04", "emph": false, "comment": null, "slug": "geral-fase-1-resultado-preliminar"}}, {"model": "cal.calendarevent", "pk": 42, "fields": {"name": "\u00daltimo dia para solicita\u00e7\u00e3o de recorre\u00e7\u00e3o da Fase 1 [TURNO A]", "competition": 4, "start": "2020-07-09", "finish": "2020-07-09", "emph": false, "comment": null, "slug": "geral-solicitacao-de-recorrecao"}}, {"model": "cal.calendarevent", "pk": 43, "fields": {"name": "Resultado final da Fase 1", "competition": 4, "start": "2020-10-13", "finish": "2020-10-13", "emph": false, "comment": "Resultado consolidado dos Turnos A e B", "slug": "4-resultado-final-da-fase-1"}}, {"model": "cal.calendarevent", "pk": 44, "fields": {"name": "\u00daltimo dia do per\u00edodo de envio de Folhas de Respostas da Fase 2 por parte dos Coordenadores Locais", "competition": 1, "start": "2021-01-05", "finish": "2021-01-05", "emph": false, "comment": null, "slug": "ini-fase-2-envio-de-folhas-de-respostas"}}, {"model": "cal.calendarevent", "pk": 45, "fields": {"name": "\u00daltimo dia do per\u00edodo de envio de Solu\u00e7\u00f5es da Fase 2 por parte dos Coordenadores Locais", "competition": 3, "start": "2021-01-03", "finish": "2021-01-03", "emph": false, "comment": null, "slug": "prog-fase2-envio-de-solucoes"}}, {"model": "cal.calendarevent", "pk": 46, "fields": {"name": "Cadernos de Tarefas das provas e gabaritos da Fase 2 disponibilizados no site", "competition": 1, "start": "2020-11-09", "finish": "2020-11-09", "emph": false, "comment": null, "slug": "1-cadernos-de-tarefas-das-provas-e-gabaritos-da-fa"}}, {"model": "cal.calendarevent", "pk": 47, "fields": {"name": "Resultado preliminar da Fase 2", "competition": 4, "start": "2020-11-10", "finish": "2020-11-10", "emph": false, "comment": null, "slug": "4-resultado-preliminar-da-fase-2"}}, {"model": "cal.calendarevent", "pk": 48, "fields": {"name": "\u00daltimo dia para solicita\u00e7\u00e3o de recorre\u00e7\u00e3o da Fase 2", "competition": 4, "start": "2020-11-13", "finish": "2020-11-13", "emph": false, "comment": null, "slug": "4-solicitacao-de-recorrecao-da-fase-2"}}, {"model": "cal.calendarevent", "pk": 49, "fields": {"name": "Resultado final da Fase 2", "competition": 4, "start": "2020-11-17", "finish": "2020-11-17", "emph": false, "comment": null, "slug": "4-resultado-final-da-fase-2"}}, {"model": "cal.calendarevent", "pk": 50, "fields": {"name": "Resultado preliminar da Fase 3", "competition": 4, "start": "2020-12-09", "finish": "2020-12-09", "emph": false, "comment": null, "slug": "4-resultado-preliminar-da-fase-3"}}, {"model": "cal.calendarevent", "pk": 51, "fields": {"name": "\u00daltimo dia para solicita\u00e7\u00e3o de recorre\u00e7\u00e3o da Fase 3", "competition": 4, "start": "2020-12-15", "finish": "2020-12-15", "emph": false, "comment": null, "slug": "4-solicitacao-de-recorrecao-da-fase-3"}}, {"model": "cal.calendarevent", "pk": 52, "fields": {"name": "Resultado Final da OBI2020 e Quadro de Medalhas", "competition": 4, "start": "2020-12-18", "finish": "2020-12-18", "emph": false, "comment": null, "slug": "4-resultado-final-da-obi2020-e-quadro-de-medalhas"}}, {"model": "cal.calendarevent", "pk": 53, "fields": {"name": "\u00daltimo dia para cadastro de escolas que participam da Modalidade Programa\u00e7\u00e3o [TURNO A]", "competition": 4, "start": "2020-06-10", "finish": "2020-06-10", "emph": false, "comment": null, "slug": "prog-ultimo-dia-para-cadastro-de-escolas-turnoA"}}, {"model": "cal.calendarevent", "pk": 54, "fields": {"name": "\u00daltimo dia para cadastro de escolas que participam da Modalidade Inicia\u00e7\u00e3o [TURNO A]", "competition": 4, "start": "2020-06-18", "finish": "2020-06-18", "emph": false, "comment": null, "slug": "ini-ultimo-dia-para-cadastro-de-escolas-turnoA"}}, {"model": "cal.calendarevent", "pk": 55, "fields": {"name": "Prova da Fase 1 [TURNO B]", "competition": 1, "start": "2020-09-22", "finish": "2020-09-23", "emph": true, "comment": "Realizada online, hor\u00e1rio \u00e0 escolha, dura\u00e7\u00e3o  1 hora e meia.", "slug": "ini-prova-da-fase-1-turno-b"}}, {"model": "cal.calendarevent", "pk": 56, "fields": {"name": "Prova da Fase 1 [TURNO B]", "competition": 3, "start": "2020-09-15", "finish": "2020-09-16", "emph": true, "comment": "Realizada online, hor\u00e1rio \u00e0 escolha, dura\u00e7\u00e3o duas horas.", "slug": "prog-prova-da-fase-1-turno-b"}}, {"model": "cal.calendarevent", "pk": 57, "fields": {"name": "Resultado preliminar da Fase 1 [TURNO B]", "competition": 4, "start": "2020-10-02", "finish": "2020-10-02", "emph": false, "comment": null, "slug": "4-resultado-preliminar-da-fase-1-turno-b"}}, {"model": "cal.calendarevent", "pk": 58, "fields": {"name": "Cadernos de Tarefas das provas e gabaritos da Fase 1 disponibilizados no site [TURNO B]", "competition": 1, "start": "2020-09-26", "finish": "2020-09-26", "emph": false, "comment": null, "slug": "1-cadernos-de-tarefas-fase1-turnoB-publica"}}, {"model": "cal.calendarevent", "pk": 59, "fields": {"name": "Cadernos de Tarefas das provas e gabaritos da Fase 1 disponibilizados no site [TURNO B]", "competition": 3, "start": "2020-09-25", "finish": "2020-09-25", "emph": false, "comment": null, "slug": "3-cadernos-de-tarefas-fase1-turnoB-publica"}}, {"model": "cal.calendarevent", "pk": 60, "fields": {"name": "\u00daltimo dia para cadastro de escolas que participam da <b>Modalidade Inicia\u00e7\u00e3o</b> [TURNO B]", "competition": 4, "start": "2020-09-18", "finish": "2020-09-18", "emph": false, "comment": null, "slug": "ini-ultimo-dia-para-cadastro-de-escolas"}}, {"model": "cal.calendarevent", "pk": 61, "fields": {"name": "\u00daltimo dia para cadastro de escolas que participam da <b>Modalidade Programa\u00e7\u00e3o</b> [TURNO B]", "competition": 4, "start": "2020-09-11", "finish": "2020-09-11", "emph": false, "comment": null, "slug": "prog-ultimo-dia-para-cadastro-de-escolas"}}, {"model": "cal.calendarevent", "pk": 62, "fields": {"name": "\u00daltimo dia para solicita\u00e7\u00e3o de recorre\u00e7\u00e3o da Fase 1 [TURNO B]", "competition": 4, "start": "2020-10-09", "finish": "2020-10-09", "emph": false, "comment": null, "slug": "4-solicitacao-de-recorrecao-da-fase1-turnoB"}}, {"model": "cal.calendarevent", "pk": 63, "fields": {"name": "Resultado final da fase 1 [TURNO A]", "competition": 4, "start": "2020-07-13", "finish": "2020-07-13", "emph": false, "comment": null, "slug": "4-resultado-final-da-fase-1-turno-A"}}, {"model": "cal.calendarevent", "pk": 64, "fields": {"name": "\u00daltimo dia para inscri\u00e7\u00e3o de competidores da Modalidade Programa\u00e7\u00e3o", "competition": 4, "start": "2020-09-14", "finish": "2020-09-14", "emph": false, "comment": null, "slug": "prog-ultimo-dia-para-inscricao-programacao"}}, {"model": "cal.calendarevent", "pk": 65, "fields": {"name": "\u00daltimo dia para inscri\u00e7\u00e3o de competidores da Modalidade Inicia\u00e7\u00e3o", "competition": 4, "start": "2020-09-21", "finish": "2020-09-21", "emph": false, "comment": null, "slug": "ini-ultimo-dia-para-inscricao-iniciacao"}}, {"model": "cal.calendarnationalcompetition", "pk": 1, "fields": {"name": "Olimp\u00edada Brasileira de Inform\u00e1tica", "name_abbrev": "OBI", "link": "http://www.sbc.org.br/obi", "color": "red-bkgd", "color_emph": null}}, {"model": "cal.calendarnationalcompetition", "pk": 2, "fields": {"name": "Feriado Nacional", "name_abbrev": "Feriado Nacional", "link": null, "color": "grey-bkgd", "color_emph": null}}, {"model": "cal.calendarnationalcompetition", "pk": 3, "fields": {"name": "Exame Nacional do Ensino M\u00e9dio", "name_abbrev": "ENEM", "link": "https://enem.inep.gov.br/", "color": "brown-bkgd", "color_emph": null}}, {"model": "cal.calendarnationalcompetition", "pk": 4, "fields": {"name": "Olimp\u00edada Brasileira de Qu\u00edmica", "name_abbrev": "OBQ", "link": "https://www.obquimica.org", "color": "orange-bkgd", "color_emph": null}}, {"model": "cal.calendarnationalcompetition", "pk": 5, "fields": {"name": "Olimpi\u0301ada Brasileira de Astronomia e Astrona\u0301utica", "name_abbrev": "OBA", "link": "http://www.oba.org.br/", "color": "light-green-bkgd", "color_emph": null}}, {"model": "cal.calendarnationalcompetition", "pk": 6, "fields": {"name": "Olimp\u00edada Brasileira de Rob\u00f3tica", "name_abbrev": "OBR", "link": "http://www.obr.org.br/", "color": "light-purple-bkgd", "color_emph": null}}, {"model": "cal.calendarnationalcompetition", "pk": 7, "fields": {"name": "Olimp\u00edada Nacional de Ci\u00eancias", "name_abbrev": "ONC", "link": "https://onciencias.org/", "color": "light-blue-bkgd", "color_emph": null}}, {"model": "cal.calendarnationalcompetition", "pk": 8, "fields": {"name": "Olimp\u00edada Brasileira de Matem\u00e1tica das Escolas P\u00fablicas", "name_abbrev": "OBMEP", "link": "http://www.obmep.org.br", "color": "blue-bkgd", "color_emph": null}}, {"model": "cal.calendarnationalcompetition", "pk": 9, "fields": {"name": "Olimp\u00edada Brasileira de F\u00edsica", "name_abbrev": "OBF", "link": "http://www.sbfisica.org.br/v1/olimpiada/2020/", "color": "dark-green-bkgd", "color_emph": null}}, {"model": "cal.calendarnationalcompetition", "pk": 10, "fields": {"name": "Olimp\u00edada Nacional em Hist\u00f3ria do Brasil", "name_abbrev": "ONHB", "link": "https://www.olimpiadadehistoria.com.br/", "color": "light-red-bkgd", "color_emph": null}}, {"model": "cal.calendarnationalcompetition", "pk": 11, "fields": {"name": "Olimp\u00edada Brasileira de F\u00edsica das Escolas P\u00fablicas", "name_abbrev": "OBFEP", "link": "http://www.sbfisica.org.br/~obfep/", "color": "green-bkgd", "color_emph": null}}, {"model": "cal.calendarnationalcompetition", "pk": 12, "fields": {"name": "Olimp\u00edada Brasileira de Qu\u00edmica J\u00fanior", "name_abbrev": "OBQJr", "link": "http://www.obquimica.org", "color": "yellow-bkgd", "color_emph": null}}, {"model": "cal.calendarnationalevent", "pk": 1, "fields": {"name": "Tiradentes", "competition": 2, "start": "2020-04-21", "finish": "2020-04-21", "emph": false, "comment": "#", "slug": "2-tiradentes"}}, {"model": "cal.calendarnationalevent", "pk": 2, "fields": {"name": "Ano Novo", "competition": 2, "start": "2020-01-01", "finish": "2020-01-01", "emph": false, "comment": "#", "slug": "2-ano-novo"}}, {"model": "cal.calendarnationalevent", "pk": 3, "fields": {"name": "Sexta-feira Santa", "competition": 2, "start": "2020-04-10", "finish": "2020-04-10", "emph": false, "comment": "#", "slug": "2-sexta-feira-santa"}}, {"model": "cal.calendarnationalevent", "pk": 4, "fields": {"name": "Dia do Trabalho", "competition": 2, "start": "2020-05-01", "finish": "2020-05-01", "emph": false, "comment": "#", "slug": "2-dia-do-trabalho"}}, {"model": "cal.calendarnationalevent", "pk": 5, "fields": {"name": "Corpus Christi", "competition": 2, "start": "2020-06-11", "finish": "2020-06-11", "emph": false, "comment": "#", "slug": "2-corpus-christi"}}, {"model": "cal.calendarnationalevent", "pk": 6, "fields": {"name": "Independ\u00eancia do Brasil", "competition": 2, "start": "2020-09-07", "finish": "2020-09-07", "emph": false, "comment": "#", "slug": "2-independencia-do-brasil"}}, {"model": "cal.calendarnationalevent", "pk": 7, "fields": {"name": "Nossa Senhora Aparecida", "competition": 2, "start": "2020-10-12", "finish": "2020-10-12", "emph": false, "comment": "#", "slug": "2-nossa-senhora-aparecida"}}, {"model": "cal.calendarnationalevent", "pk": 8, "fields": {"name": "Finados", "competition": 2, "start": "2020-11-02", "finish": "2020-11-02", "emph": false, "comment": "#", "slug": "2-finados"}}, {"model": "cal.calendarnationalevent", "pk": 9, "fields": {"name": "Proclama\u00e7\u00e3o da Rep\u00fablica", "competition": 2, "start": "2020-11-15", "finish": "2020-11-15", "emph": false, "comment": "#", "slug": "2-proclamacao-da-republica"}}, {"model": "cal.calendarnationalevent", "pk": 10, "fields": {"name": "Natal", "competition": 2, "start": "2020-12-25", "finish": "2020-12-25", "emph": false, "comment": "#", "slug": "2-natal"}}, {"model": "cal.calendarnationalevent", "pk": 11, "fields": {"name": "Dia do Servidor P\u00fablico", "competition": 2, "start": "2020-10-28", "finish": "2020-10-28", "emph": false, "comment": "#", "slug": "2-dia-do-servidor-publico"}}, {"model": "cal.calendarnationalevent", "pk": 12, "fields": {"name": "Dia da Consci\u00eancia Negra", "competition": 2, "start": "2020-11-20", "finish": "2020-11-20", "emph": false, "comment": "#", "slug": "2-dia-da-consciencia-negra"}}, {"model": "cal.calendarnationalevent", "pk": 13, "fields": {"name": "Enem Dia 1", "competition": 3, "start": "2020-11-01", "finish": "2020-11-01", "emph": false, "comment": null, "slug": "3-enem-dia-1"}}, {"model": "cal.calendarnationalevent", "pk": 14, "fields": {"name": "Enem Dia 2", "competition": 3, "start": "2020-11-08", "finish": "2020-11-08", "emph": false, "comment": null, "slug": "3-enem-dia-2"}}, {"model": "cal.calendarnationalevent", "pk": 15, "fields": {"name": "Enem Digital Dia 1", "competition": 3, "start": "2020-11-22", "finish": "2020-11-22", "emph": false, "comment": null, "slug": "3-enem-digital-dia-1"}}, {"model": "cal.calendarnationalevent", "pk": 16, "fields": {"name": "Enem Digital Dia 2", "competition": 3, "start": "2020-11-29", "finish": "2020-11-29", "emph": false, "comment": null, "slug": "3-enem-digital-dia-2"}}, {"model": "cal.calendarnationalevent", "pk": 17, "fields": {"name": "Modalidade Te\u00f3rica \u2013 1\u00aa Fase", "competition": 6, "start": "2020-08-14", "finish": "2020-08-14", "emph": false, "comment": "#", "slug": "6-modalidade-teorica-1-fase"}}, {"model": "cal.calendarnationalevent", "pk": 18, "fields": {"name": "Modalidade Te\u00f3rica \u2013 2\u00aa Fase", "competition": 6, "start": "2020-10-09", "finish": "2020-10-09", "emph": false, "comment": "#", "slug": "6-modalidade-teorica-2-fase"}}, {"model": "cal.calendarnationalevent", "pk": 19, "fields": {"name": "Etapa Nacional", "competition": 6, "start": "2020-11-10", "finish": "2020-11-14", "emph": false, "comment": "Natal, RN", "slug": "6-etapa-nacional"}}, {"model": "cal.calendarnationalevent", "pk": 20, "fields": {"name": "Fase 1", "competition": 7, "start": "2020-08-06", "finish": "2020-08-08", "emph": false, "comment": "Na pr\u00f3pria escola", "slug": "7-fase-1"}}, {"model": "cal.calendarnationalevent", "pk": 21, "fields": {"name": "Fase 2", "competition": 7, "start": "2020-09-12", "finish": "2020-09-12", "emph": false, "comment": "Nas coordena\u00e7\u00f5es estaduais", "slug": "7-fase-2"}}, {"model": "cal.calendarnationalevent", "pk": 22, "fields": {"name": "Cerim\u00f4mia de Premia\u00e7\u00e3o", "competition": 7, "start": "2020-10-29", "finish": "2020-10-29", "emph": false, "comment": "Bras\u00edlia - DF", "slug": "7-cerimomia-de-premiacao"}}, {"model": "cal.calendarnationalevent", "pk": 23, "fields": {"name": "Prova da 1\u00aa fase", "competition": 8, "start": "2020-05-26", "finish": "2020-05-26", "emph": false, "comment": "#", "slug": "8-prova-da-1-fase"}}, {"model": "cal.calendarnationalevent", "pk": 24, "fields": {"name": "Prova da 2\u00aa fase", "competition": 8, "start": "2020-09-26", "finish": "2020-09-26", "emph": false, "comment": null, "slug": "8-prova-da-2-fase"}}, {"model": "cal.calendarnationalevent", "pk": 25, "fields": {"name": "Provas Seletivas Presenciais", "competition": 5, "start": "2020-03-04", "finish": "2020-03-04", "emph": false, "comment": "#", "slug": "5-provas-seletivas-presenciais"}}, {"model": "cal.calendarnationalevent", "pk": 26, "fields": {"name": "Prova 2020 e Mostra Brasileira de Foguetes", "competition": 5, "start": "2020-05-15", "finish": "2020-05-15", "emph": false, "comment": "#", "slug": "5-prova-oba2020-e-mostra-brasileira-de-foguetes"}}, {"model": "cal.calendarnationalevent", "pk": 27, "fields": {"name": "Prova da Fase 1", "competition": 9, "start": "2020-05-07", "finish": "2020-05-07", "emph": false, "comment": "Adiada devido \u00e0 pandemia de Covid-19, nova data ser\u00e1 definida.", "slug": "9-prova-da-fase-1"}}, {"model": "cal.calendarnationalevent", "pk": 28, "fields": {"name": "Prova da Fase 2", "competition": 9, "start": "2020-08-15", "finish": "2020-08-15", "emph": false, "comment": null, "slug": "9-prova-da-fase-2"}}, {"model": "cal.calendarnationalevent", "pk": 29, "fields": {"name": "Prova da Fase 3", "competition": 9, "start": "2020-10-17", "finish": "2020-10-17", "emph": false, "comment": "Prova experimental (9\u00ba ano, 1\u00aa e 2\u00aa s\u00e9ries): das 9h00 \u00e0s 11h00 (hor\u00e1rio local). Prova te\u00f3rica (todos os n\u00edveis): das 13h00 \u00e0s 17h00 (hor\u00e1rio local)", "slug": "9-prova-da-fase-3"}}, {"model": "cal.calendarnationalevent", "pk": 30, "fields": {"name": "Prova Presencial", "competition": 10, "start": "2020-08-15", "finish": "2020-08-16", "emph": false, "comment": "Realizada na Universidade Estadual de Campinas - UNICAMP", "slug": "10-prova-presencial"}}, {"model": "cal.calendarnationalevent", "pk": 31, "fields": {"name": "Prova da Primeira Fase", "competition": 11, "start": "2020-08-13", "finish": "2020-08-13", "emph": false, "comment": "#", "slug": "11-prova-primeira-fase"}}, {"model": "cal.calendarnationalevent", "pk": 32, "fields": {"name": "Prova da Segunda Fase", "competition": 11, "start": "2020-10-24", "finish": "2020-10-24", "emph": false, "comment": "#", "slug": "11-prova-da-segunda-fase"}}, {"model": "cal.calendarnationalevent", "pk": 33, "fields": {"name": "Fase III", "competition": 4, "start": "2020-08-22", "finish": "2020-08-22", "emph": false, "comment": "#", "slug": "4-fase-iii"}}, {"model": "cal.calendarnationalevent", "pk": 34, "fields": {"name": "Fase IV", "competition": 4, "start": "2020-02-07", "finish": "2020-02-02", "emph": false, "comment": "#", "slug": "4-fase-iv"}}, {"model": "cal.calendarnationalevent", "pk": 35, "fields": {"name": "Fase VI", "competition": 4, "start": "2020-04-30", "finish": "2020-04-30", "emph": false, "comment": "#", "slug": "4-fase-vi"}}, {"model": "cal.calendarnationalevent", "pk": 36, "fields": {"name": "Solenidade de Premia\u00e7\u00e3o", "competition": 4, "start": "2020-11-27", "finish": "2020-11-27", "emph": false, "comment": "#", "slug": "4-solenidade-de-premiacao"}}, {"model": "cal.calendarnationalevent", "pk": 37, "fields": {"name": "Exame Fase 1", "competition": 12, "start": "2020-08-13", "finish": "2020-08-15", "emph": false, "comment": "#", "slug": "12-exame-fase-1"}}, {"model": "cal.calendarnationalevent", "pk": 38, "fields": {"name": "Exame Fase 2", "competition": 12, "start": "2020-09-19", "finish": "2020-09-19", "emph": false, "comment": "#", "slug": "12-exame-fase-2"}}, {"model": "cal.calendarnationalevent", "pk": 39, "fields": {"name": "Prova da Fase 1, Modalidade Programa\u00e7\u00e3o", "competition": 1, "start": "2020-06-15", "finish": "2020-06-16", "emph": false, "comment": "Pode ser realizada nas escolas ou online", "slug": "obi-prova-da-fase-1"}}, {"model": "cal.calendarnationalevent", "pk": 40, "fields": {"name": "Prova da Fase 1, Modalidade Inicia\u00e7\u00e3o", "competition": 1, "start": "2020-06-22", "finish": "2020-06-23", "emph": false, "comment": "Pode ser realizada nas escolas ou online", "slug": "1-prova-da-fase-1-modalidade-iniciacao"}}, {"model": "cal.calendarnationalevent", "pk": 41, "fields": {"name": "Prova da Fase 2, Modalidade Programa\u00e7\u00e3o", "competition": 1, "start": "2020-08-17", "finish": "2020-08-17", "emph": false, "comment": "Realizada nas escolas", "slug": "1-prova-da-fase-2-modalidade-programacao"}}, {"model": "cal.calendarnationalevent", "pk": 42, "fields": {"name": "Prova da Fase 2, Modalidade Inicia\u00e7\u00e3o", "competition": 1, "start": "2020-08-24", "finish": "2020-08-24", "emph": false, "comment": "Realizada nas escolas", "slug": "1-prova-da-fase-2-modalidade-iniciacao"}}, {"model": "cal.calendarnationalevent", "pk": 43, "fields": {"name": "Prova da Fase 3, Modalidade Programa\u00e7\u00e3o", "competition": 1, "start": "2020-10-03", "finish": "2020-10-03", "emph": false, "comment": "Realizada em escolas designadas pela Coordena\u00e7\u00e3o", "slug": "1-prova-da-fase-3-modalidade-programacao"}}, {"model": "cal.calendarnationalevent", "pk": 44, "fields": {"name": "Prova da Fase 3, Modalidade Inicia\u00e7\u00e3o", "competition": 1, "start": "2020-10-17", "finish": "2020-10-17", "emph": false, "comment": "Realizada em escolas designadas pela Coordena\u00e7\u00e3o", "slug": "1-prova-da-fase-3-modalidade-iniciacao"}}]