[{"model": "cal.calendarcompetition", "pk": 1, "fields": {"name": "Modalidade Iniciação", "name_abbrev": "Modalidade Iniciação", "show": true, "link": null, "color": "green-bkgd", "color_emph": "dark-green-bkgd"}}, {"model": "cal.calendarcompetition", "pk": 2, "fields": {"name": "Feriado Nacional", "name_abbrev": "Feriado Nacional", "show": true, "link": null, "color": "grey-bkgd", "color_emph": null}}, {"model": "cal.calendarcompetition", "pk": 3, "fields": {"name": "Modalidade Programação", "name_abbrev": "Modalidade Programação", "show": true, "link": null, "color": "blue-bkgd", "color_emph": "middle-blue-bkgd"}}, {"model": "cal.calendarcompetition", "pk": 4, "fields": {"name": "Geral", "name_abbrev": "Geral", "show": true, "link": null, "color": "light-purple-bkgd", "color_emph": null}}, {"model": "cal.calendarcompetition", "pk": 5, "fields": {"name": "Competição Feminina da OBI", "name_abbrev": "CF-OBI", "show": true, "link": null, "color": "orange-bkgd", "color_emph": "brown-bkgd"}}, {"model": "cal.calendarcompetition", "pk": 6, "fields": {"name": "Semana Olímpica", "name_abbrev": "Semana Olímpica", "show": true, "link": null, "color": "dark-purple-bkgd", "color_emph": "dark-purple-bkgd"}}, {"model": "cal.calendarcompetition", "pk": 7, "fields": {"name": "Competições Internacionais", "name_abbrev": "Competições Internacionais", "show": true, "link": null, "color": "yellow-bkgd", "color_emph": "yellow-bkgd"}}, {"model": "cal.calendarevent", "pk": 6, "fields": {"name": "Tiradentes", "competition": 2, "show": true, "start": "2023-04-21", "finish": "2023-04-21", "emph": false, "comment": "#", "slug": "feriado-tiradentes"}}, {"model": "cal.calendarevent", "pk": 7, "fields": {"name": "Prova da Fase 1", "competition": 1, "show": true, "start": "2023-05-25", "finish": "2023-05-27", "emph": true, "comment": "Uma única prova, realizada presencialmente na escola em qualquer dos três dias, horário de início à escolha da escola, duração uma hora.", "slug": "ini-fase-1-prova"}}, {"model": "cal.calendarevent", "pk": 8, "fields": {"name": "Prova da Fase 1", "competition": 3, "show": true, "start": "2023-06-01", "finish": "2023-06-03", "emph": true, "comment": "Uma única prova, realizada presencialmente na escola do(a) competidor(a) em qualquer dos três dias, horário de início à escolha da escola, duração duas horas. A cada dia, o ambiente de prova estará disponível das 7:00 às 20:00.  A prova deve ser iniciada no máximo 18:00.", "slug": "prog-fase-1-prova"}}, {"model": "cal.calendarevent", "pk": 9, "fields": {"name": "Ano Novo", "competition": 2, "show": true, "start": "2023-01-01", "finish": "2023-01-01", "emph": false, "comment": "#", "slug": "ano-novo"}}, {"model": "cal.calendarevent", "pk": 10, "fields": {"name": "Sexta-feira Santa", "competition": 2, "show": true, "start": "2023-04-07", "finish": "2023-04-07", "emph": false, "comment": "#", "slug": "sexta-feira-santa"}}, {"model": "cal.calendarevent", "pk": 11, "fields": {"name": "Dia do Trabalho", "competition": 2, "show": true, "start": "2023-05-01", "finish": "2023-05-01", "emph": false, "comment": "#", "slug": "dia-do-trabalho"}}, {"model": "cal.calendarevent", "pk": 12, "fields": {"name": "Corpus Christi", "competition": 2, "show": true, "start": "2023-06-08", "finish": "2023-06-08", "emph": false, "comment": "#", "slug": "corpus-christi"}}, {"model": "cal.calendarevent", "pk": 13, "fields": {"name": "Independência do Brasil", "competition": 2, "show": true, "start": "2023-09-07", "finish": "2023-09-07", "emph": false, "comment": "#", "slug": "independencia-do-brasil"}}, {"model": "cal.calendarevent", "pk": 14, "fields": {"name": "Nossa Senhora Aparecida", "competition": 2, "show": true, "start": "2023-10-12", "finish": "2023-10-12", "emph": false, "comment": "#", "slug": "nossa-senhora-aparecida"}}, {"model": "cal.calendarevent", "pk": 15, "fields": {"name": "Finados", "competition": 2, "show": true, "start": "2023-11-02", "finish": "2023-11-02", "emph": false, "comment": "#", "slug": "finados"}}, {"model": "cal.calendarevent", "pk": 16, "fields": {"name": "Proclamação da República", "competition": 2, "show": true, "start": "2023-11-15", "finish": "2023-11-15", "emph": false, "comment": "#", "slug": "proclamacao-da-republica"}}, {"model": "cal.calendarevent", "pk": 17, "fields": {"name": "Natal", "competition": 2, "show": true, "start": "2023-12-25", "finish": "2023-12-25", "emph": false, "comment": "#", "slug": "natal"}}, {"model": "cal.calendarevent", "pk": 18, "fields": {"name": "Dia do Servidor Público", "competition": 2, "show": true, "start": "2023-10-28", "finish": "2023-10-28", "emph": false, "comment": "#", "slug": "dia-do-servidor-publico"}}, {"model": "cal.calendarevent", "pk": 19, "fields": {"name": "Dia da Consciência Negra", "competition": 2, "show": true, "start": "2023-11-20", "finish": "2023-11-20", "emph": false, "comment": "#", "slug": "dia-da-consciencia-negra"}}, {"model": "cal.calendarevent", "pk": 20, "fields": {"name": "Semana Olímpica", "competition": 1, "show": true, "start": "2021-01-10", "finish": "2021-01-16", "emph": false, "comment": "#", "slug": "geral-semana-olimpica"}}, {"model": "cal.calendarevent", "pk": 21, "fields": {"name": "Abertura das inscrições", "competition": 4, "show": true, "start": "2023-03-28", "finish": "2023-03-28", "emph": false, "comment": "Cadastro de escolas e inscrição de competidores.", "slug": "geral-abertura--inscricoes"}}, {"model": "cal.calendarevent", "pk": 22, "fields": {"name": "Prova da Fase 2", "competition": 1, "show": true, "start": "2023-08-09", "finish": "2023-08-09", "emph": true, "comment": "Realizada presencialmente na escola do(a) competidor(a), horário à escolha da escola, duração uma hora.", "slug": "ini-fase-2-prova"}}, {"model": "cal.calendarevent", "pk": 23, "fields": {"name": "Prova da Fase 2", "competition": 3, "show": true, "start": "2023-08-15", "finish": "2023-08-15", "emph": true, "comment": "Realizada presencialmente na escola do(a) competidor(a), horário à escolha da escola.<ul><li>Prog. Nível Júnior e Prog. Nível 1: <ul><li>O ambiente de prova on-line estará aberto de <s>09:00 até 17:00</s> 08:00 até <s>18:00</s> 19:00 (horário de Brasília, estendido a pedido das escolas)<li>Duração da prova: duas horas (o competidor deve iniciar a prova no máximo <s>15:00</s> 17:00) </ul><li>Prog. Nível 2 e Prog. Nível Sênior: <ul><li>O ambiente de prova estará aberto de <s>09:00 até 17:00</s> 08:00 até <s>18:00</s> 19:00 (horário de Brasília, estendido a pedido das escolas)<li>Duração da prova: três horas (o competidor deve iniciar a prova no máximo <s>14:00</s> 16:00) </ul></ul>", "slug": "prog-fase-2-prova"}}, {"model": "cal.calendarevent", "pk": 24, "fields": {"name": "Prova da Fase 3", "competition": 3, "show": true, "start": "2023-09-30", "finish": "2023-09-30", "emph": true, "comment": "Realizada presencialmente em escolas designadas. Horário das provas (horário de Brasília): <ul><li>Progr. Júnior: 8:00 - 11:00 (três horas) <li> Progr. Nível 1:  8:00 - 12:00 (quatro horas) <li>Progr. Nível 2 e Sênior: 13:00 - 18:00 (cinco horas) </ul> <p>Note que a prova da modalidade Iniciação, adiada do dia 23/9, será realizada neste mesmo dia.</p>", "slug": "prog-fase-3-prova"}}, {"model": "cal.calendarevent", "pk": 25, "fields": {"name": "Prova da Fase 3", "competition": 1, "show": true, "start": "2023-09-30", "finish": "2023-09-30", "emph": true, "comment": "<span style=\"color: #FF0000\">Adiada, originalmente marcada para de 23/09/2023.</span> Realizada presencialmente em escolas designadas. Horário das provas (horário de Brasília): <ul><li>Inic. Nível Júnior, Nível 1 e Nível 2:  <s>9:00 - 11:00</s>  10:00 - 12:00  (duas horas) </ul>\r\n<p>Note que a prova da modalidade Programação será realizada neste mesmo dia.</p>", "slug": "ini-fase-3-prova"}}, {"model": "cal.calendarevent", "pk": 26, "fields": {"name": "Cadernos de Tarefas das provas da Fase 1 disponibilizados para Coordenadores", "competition": 1, "show": true, "start": "2023-05-22", "finish": "2023-05-22", "emph": false, "comment": "Para impressão. Coordenador Local deve imprimir uma cópia do Caderno de Provas e uma Folha de Respostas para cada competidor(a).", "slug": "ini-fase-1-prova-publica-coord"}}, {"model": "cal.calendarevent", "pk": 27, "fields": {"name": "Cadernos de Tarefas das provas da Fase 1 disponibilizados para Coordenadores", "competition": 3, "show": true, "start": "2020-06-09", "finish": "2020-06-09", "emph": false, "comment": "Para impressão; Coordenador Local deve imprimir uma cópia do Caderno de Provas para cada competidor.", "slug": "prog-prova-da-fase-1-publica-para-coord"}}, {"model": "cal.calendarevent", "pk": 28, "fields": {"name": "Cadernos de prova da Fase 2 disponibilizados para Coordenadores", "competition": 3, "show": true, "start": "2020-08-13", "finish": "2020-08-13", "emph": false, "comment": "Para impressão; Coordenador Local deve imprimir uma cópia do Caderno de Provas para cada competidor.", "slug": "prog-prova-da-fase-2-publica-para-coord"}}, {"model": "cal.calendarevent", "pk": 29, "fields": {"name": "Cadernos de Tarefas das provas da Fase 2 disponibilizados para Coordenadores", "competition": 1, "show": true, "start": "2020-08-20", "finish": "2020-08-20", "emph": false, "comment": "Para impressão; Coordenador Local deve imprimir uma cópia do Caderno de Provas e uma Folha de Respostas para cada competidor.", "slug": "ini-prova-da-fase-2-publica-para-coord"}}, {"model": "cal.calendarevent", "pk": 30, "fields": {"name": "Cadernos de Tarefas das provas e gabaritos da Fase 2 disponibilizados no site", "competition": 3, "show": true, "start": "2023-08-18", "finish": "2023-08-18", "emph": false, "comment": "", "slug": "prog-fase-2-prova-publica"}}, {"model": "cal.calendarevent", "pk": 31, "fields": {"name": "Cadernos de Tarefas das provas e gabaritos da Fase 1 disponibilizados no site", "competition": 3, "show": true, "start": "2023-06-07", "finish": "2023-06-07", "emph": false, "comment": "", "slug": "prog-fase-1-prova-publica"}}, {"model": "cal.calendarevent", "pk": 32, "fields": {"name": "Cadernos de Tarefas das provas da Fase 3 disponibilizados para Coordenadores", "competition": 3, "show": true, "start": "2020-09-30", "finish": "2020-09-30", "emph": false, "comment": "Para impressão; Coordenador da Sede Nacional deve imprimir uma cópia do Caderno de Provas para cada competidor.", "slug": "prog-prova-da-fase-3-publica-para-coord"}}, {"model": "cal.calendarevent", "pk": 33, "fields": {"name": "Cadernos de Tarefas das provas da Fase 3 disponibilizados para Coordenadores", "competition": 1, "show": true, "start": "2023-09-28", "finish": "2023-09-28", "emph": false, "comment": "<span style=\"color: #FF0000\">Adiada, originalmente marcada para de 20/09/2023.</span> Para impressão; Coordenador de Sede Nacional deve imprimir uma cópia do Caderno de Provas e uma Folha de Respostas para cada competidor.", "slug": "ini-prova-da-fase-3-publica-para-coord"}}, {"model": "cal.calendarevent", "pk": 34, "fields": {"name": "Cadernos de Tarefas das provas e gabaritos da Fase 3 disponibilizados no site", "competition": 3, "show": true, "start": "2023-10-03", "finish": "2023-10-03", "emph": false, "comment": "", "slug": "prog-fase-3-prova-publica"}}, {"model": "cal.calendarevent", "pk": 35, "fields": {"name": "Último dia do período de envio de soluções por parte dos Coordenadores de Sede", "competition": 3, "show": true, "start": "2020-10-09", "finish": "2020-10-09", "emph": false, "comment": null, "slug": "prog-fase-3-termino-envio-solucoes"}}, {"model": "cal.calendarevent", "pk": 36, "fields": {"name": "Último dia do período de envio de Folhas de Respostas por parte dos Coordenadores de Sede", "competition": 1, "show": true, "start": "2020-10-23", "finish": "2020-10-23", "emph": false, "comment": null, "slug": "ini-fase-3-termino-envio-folhas-de-respostas"}}, {"model": "cal.calendarevent", "pk": 37, "fields": {"name": "Cadernos de Tarefas das provas e gabaritos da Fase 3 disponibilizados no site", "competition": 1, "show": true, "start": "2023-10-05", "finish": "2023-10-05", "emph": false, "comment": "<span style=\"color: #FF0000\">Adiada, originalmente marcada para de 28/09/2023.</span>", "slug": "ini-fase-3-prova-publica"}}, {"model": "cal.calendarevent", "pk": 38, "fields": {"name": "Último dia do período de envio de Folhas de Respostas da Fase 1por parte dos Coordenadores Locais", "competition": 1, "show": true, "start": "2020-06-30", "finish": "2020-06-30", "emph": false, "comment": null, "slug": "ini-fase1-envio-folhas-de-respostas"}}, {"model": "cal.calendarevent", "pk": 39, "fields": {"name": "Último dia do período de envio de Soluções da Fase 1 por parte dos Coordenadores Locais", "competition": 3, "show": true, "start": "2020-06-19", "finish": "2020-06-19", "emph": false, "comment": null, "slug": "prog-fase1-envio-solucoes"}}, {"model": "cal.calendarevent", "pk": 40, "fields": {"name": "Cadernos de Tarefas das provas e gabaritos da Fase 1 disponibilizados no site", "competition": 1, "show": true, "start": "2023-05-29", "finish": "2023-05-29", "emph": false, "comment": "", "slug": "ini-fase-1-prova-publica"}}, {"model": "cal.calendarevent", "pk": 41, "fields": {"name": "Resultado preliminar da Fase 1", "competition": 4, "show": true, "start": "2023-06-12", "finish": "2023-06-12", "emph": false, "comment": "", "slug": "geral-fase-1-resultado-preliminar"}}, {"model": "cal.calendarevent", "pk": 42, "fields": {"name": "Último dia para solicitação de recorreção da Fase 1", "competition": 4, "show": true, "start": "2023-06-14", "finish": "2023-06-14", "emph": false, "comment": "", "slug": "geral-fase-1-solicitacao-recorrecao"}}, {"model": "cal.calendarevent", "pk": 43, "fields": {"name": "Resultado final da Fase 1", "competition": 4, "show": true, "start": "2020-07-13", "finish": "2020-07-13", "emph": false, "comment": null, "slug": "4-resultado-final-da-fase-1"}}, {"model": "cal.calendarevent", "pk": 44, "fields": {"name": "Último dia do período de envio de Folhas de Respostas da Fase 2 por parte dos Coordenadores Locais", "competition": 1, "show": true, "start": "2020-08-28", "finish": "2020-08-28", "emph": false, "comment": null, "slug": "ini-fase-2-envio-de-folhas-de-respostas"}}, {"model": "cal.calendarevent", "pk": 45, "fields": {"name": "Último dia do período de envio de Soluções da Fase 2 por parte dos Coordenadores Locais", "competition": 3, "show": true, "start": "2020-08-21", "finish": "2020-08-21", "emph": false, "comment": null, "slug": "prog-fase2-envio-de-solucoes"}}, {"model": "cal.calendarevent", "pk": 46, "fields": {"name": "Cadernos de Tarefas das provas e gabaritos da Fase 2 disponibilizados no site", "competition": 1, "show": true, "start": "2023-08-16", "finish": "2023-08-16", "emph": false, "comment": "", "slug": "ini-fase-2-prova-publica"}}, {"model": "cal.calendarevent", "pk": 47, "fields": {"name": "Resultado preliminar da Fase 2", "competition": 4, "show": true, "start": "2023-08-24", "finish": "2023-08-24", "emph": false, "comment": "<s>21/8/2023</s> Adiado devido ao apagão da semana passada, que obrigou à realização de uma nova prova da modalidade Programação.", "slug": "geral-fase-2-resultado-preliminar"}}, {"model": "cal.calendarevent", "pk": 48, "fields": {"name": "Último dia para solicitação de recorreção da Fase 2", "competition": 4, "show": true, "start": "2023-08-25", "finish": "2023-08-25", "emph": false, "comment": "", "slug": "geral-fase-2-solicitacao-recorrecao"}}, {"model": "cal.calendarevent", "pk": 49, "fields": {"name": "Resultado final da Fase 2", "competition": 4, "show": true, "start": "2023-08-28", "finish": "2023-08-28", "emph": false, "comment": "", "slug": "geral-fase-2-resultado-final"}}, {"model": "cal.calendarevent", "pk": 50, "fields": {"name": "Resultado preliminar da Fase 3", "competition": 4, "show": true, "start": "2023-10-12", "finish": "2023-10-12", "emph": false, "comment": "<span style=\"color: #FF0000\">Adiado, originalmente marcado para de 05/10/2023.</span>", "slug": "geral-fase-3-resultado-preliminar"}}, {"model": "cal.calendarevent", "pk": 51, "fields": {"name": "Último dia para solicitação de recorreção da Fase 3", "competition": 4, "show": true, "start": "2023-10-16", "finish": "2023-10-16", "emph": false, "comment": "<span style=\"color: #FF0000\">Adiado, originalmente marcado para de 09/10/2023.</span>", "slug": "geral--fase-3-solicitacao-recorrecao"}}, {"model": "cal.calendarevent", "pk": 52, "fields": {"name": "Resultado Final da OBI2023 e Quadro de Medalhas", "competition": 4, "show": true, "start": "2023-10-20", "finish": "2023-10-20", "emph": false, "comment": "<span style=\"color: #FF0000\">Adiado, originalmente marcado para de 16/10/2023.</span>", "slug": "geral-resultado-final"}}, {"model": "cal.calendarevent", "pk": 53, "fields": {"name": "Último dia para cadastro de escolas que participam da Modalidade Programação", "competition": 3, "show": true, "start": "2023-05-30", "finish": "2023-05-30", "emph": false, "comment": "", "slug": "prog-ultimo-dia-cadastro-escolas"}}, {"model": "cal.calendarevent", "pk": 60, "fields": {"name": "Último dia para cadastro de escolas que participam da <b>Modalidade Iniciação</b>", "competition": 1, "show": true, "start": "2023-05-23", "finish": "2023-05-23", "emph": false, "comment": "", "slug": "ini-ultimo-dia-cadastro-escolas"}}, {"model": "cal.calendarevent", "pk": 63, "fields": {"name": "Resultado final da fase 1", "competition": 4, "show": true, "start": "2023-06-19", "finish": "2023-06-19", "emph": false, "comment": "", "slug": "geral-fase1-resultado-final"}}, {"model": "cal.calendarevent", "pk": 64, "fields": {"name": "Último dia para inscrição de competidores da <b>Modalidade Programação</b>", "competition": 3, "show": true, "start": "2023-05-31", "finish": "2023-05-31", "emph": false, "comment": "", "slug": "prog-ultimo-dia-inscricao"}}, {"model": "cal.calendarevent", "pk": 67, "fields": {"name": "OBI2023", "competition": 6, "show": true, "start": "2023-12-03", "finish": "2023-12-09", "emph": false, "comment": "Para competidores da Modalidade Iniciação Níveis 1 e 2, e da Modalidade Programação níveis Júnior, 1 e 2.", "slug": "semana-olimpica"}}, {"model": "cal.calendarevent", "pk": 68, "fields": {"name": "Último dia para inserção as pontuações da Fase 1 por parte dos Coordenadores Locais", "competition": 1, "show": true, "start": "2023-06-05", "finish": "2023-06-05", "emph": false, "comment": "", "slug": "ini-fase-1-envio-respostas"}}, {"model": "cal.calendarevent", "pk": 70, "fields": {"name": "Último dia para envio das Folhas de Respostas da Fase 2 por parte dos Coordenadores Locais", "competition": 1, "show": true, "start": "2023-08-14", "finish": "2023-08-14", "emph": false, "comment": "", "slug": "ini-fase-2-envio-respostas"}}, {"model": "cal.calendarevent", "pk": 73, "fields": {"name": "Último dia para inscrição de competidores da <b>Modalidade Iniciação</b>", "competition": 1, "show": true, "start": "2023-05-24", "finish": "2023-05-24", "emph": false, "comment": "", "slug": "ini-ultimo-dia-inscricao"}}, {"model": "cal.calendarevent", "pk": 74, "fields": {"name": "Cadernos de Tarefas das provas da Fase 2 disponibilizados para Coordenadores", "competition": 1, "show": true, "start": "2023-08-08", "finish": "2023-08-08", "emph": false, "comment": "Para impressão. Coordenador Local deve imprimir uma cópia do Caderno de Provas e uma Folha de Respostas para cada competidor(a).", "slug": "ini-fase-2-prova-publica-coord"}}, {"model": "cal.calendarevent", "pk": 77, "fields": {"name": "Último dia para envio das Folhas de Respostas da Fase 3 por parte dos Coordenadores", "competition": 1, "show": true, "start": "2023-10-04", "finish": "2023-10-04", "emph": false, "comment": "<span style=\"color: #FF0000\">Adiada, originalmente marcada para de 23/09/2023.</span>", "slug": "ini-fase-3-envio-respostas"}}, {"model": "cal.calendarevent", "pk": 80, "fields": {"name": "Prova da CF-OBI2023", "competition": 5, "show": true, "start": "2023-09-01", "finish": "2023-09-01", "emph": true, "comment": "Realizada presencialmente na escola da competidora, horário à escolha da escola.\r\n\r\n<ul>\r\n<li>O ambiente de prova estará aberto de 08:00 até 18:00 (horário de Brasília)</li>\r\n<li>Duração da prova: três horas (a competidora deve iniciar a prova no máximo 15:00)</li>\r\n</ul>", "slug": "cfobi-fase-1-prova"}}, {"model": "cal.calendarevent", "pk": 81, "fields": {"name": "Carnaval", "competition": 2, "show": true, "start": "2023-02-20", "finish": "2023-02-21", "emph": false, "comment": "#", "slug": "carnaval"}}, {"model": "cal.calendarevent", "pk": 82, "fields": {"name": "Resultado Preliminar", "competition": 5, "show": true, "start": "2023-09-04", "finish": "2023-09-04", "emph": false, "comment": "Resultado Preliminar da CF-OBI.", "slug": "5-resultado-preliminar"}}, {"model": "cal.calendarevent", "pk": 83, "fields": {"name": "Último dia para solicitação de recorreção", "competition": 5, "show": true, "start": "2023-09-06", "finish": "2023-09-06", "emph": false, "comment": "Último dia para solicitação de recorreção da CF-OBI.", "slug": "5-ultimo-dia-para-solicitacao-de-recorrecao"}}, {"model": "cal.calendarevent", "pk": 84, "fields": {"name": "Resultado Final", "competition": 5, "show": true, "start": "2023-09-22", "finish": "2023-09-22", "emph": false, "comment": "<span style=\"color: #FF0000\">Adiado, originalmente marcado para de 11/09/2023.</span> Resultado Final da CF-OBI.", "slug": "5-resultado-final"}}, {"model": "cal.calendarevent", "pk": 85, "fields": {"name": "Primeiro dia do Treinamento IOI-EGOI", "competition": 7, "show": true, "start": "2023-06-04", "finish": "2023-06-04", "emph": false, "comment": "", "slug": "7-primeiro-dia-treinamento-ioi-egoi"}}, {"model": "cal.calendarevent", "pk": 86, "fields": {"name": "Último dia do Treinamento IOI-EGOI", "competition": 7, "show": true, "start": "2023-06-10", "finish": "2023-06-10", "emph": false, "comment": "", "slug": "7-ultimo-dia-do-treinamento-ioi-egoi"}}, {"model": "cal.calendarevent", "pk": 87, "fields": {"name": "EGOI", "competition": 7, "show": true, "start": "2023-07-15", "finish": "2023-07-21", "emph": false, "comment": "na Suécia", "slug": "egoi"}}, {"model": "cal.calendarevent", "pk": 88, "fields": {"name": "IOI", "competition": 7, "show": true, "start": "2023-08-28", "finish": "2023-09-04", "emph": false, "comment": "na Hungria", "slug": "ioi"}}, {"model": "cal.calendarevent", "pk": 89, "fields": {"name": "OII", "competition": 7, "show": true, "start": "2023-07-08", "finish": "2023-07-09", "emph": false, "comment": "online", "slug": "oii"}}, {"model": "cal.calendarevent", "pk": 90, "fields": {"name": "Prova da Fase 2 - Turno B", "competition": 3, "show": true, "start": "2023-08-23", "finish": "2023-08-23", "emph": true, "comment": "Todos os competidores classificados para a Fase 2 podem participar, independente de terem ou não participado da prova do Turno A. Realizada presencialmente na escola do(a) competidor(a), horário à escolha da escola.<ul><li>Prog. Nível Júnior e Prog. Nível 1: <ul><li>O ambiente de prova on-line estará aberto de 08:00 até 19:00 (horário de Brasília)<li>Duração da prova: duas horas (o competidor deve iniciar a prova no máximo 17:00) </ul><li>Prog. Nível 2 e Prog. Nível Sênior: <ul><li>O ambiente de prova estará aberto de 08:00 até 21:00 (horário de Brasília)<li>Duração da prova: três horas (o competidor deve iniciar a prova no máximo 18:00) </ul></ul>", "slug": "prog-fase-2b-prova"}}, {"model": "cal.calendarevent", "pk": 91, "fields": {"name": "Adiamento - Resultado Preliminar da Fase 2", "competition": 4, "show": true, "start": "2023-08-21", "finish": "2023-08-21", "emph": false, "comment": "<s>21/8/2023</s> Adiado devido ao apagão da semana passada, que obrigou à realização de uma nova prova da modalidade Programação.", "slug": "4-adiamento-resultado-preliminar-da-fase-2"}}, {"model": "cal.calendarevent", "pk": 92, "fields": {"name": "Último dia para cadastro de escolas que participam da <b>CF-OBI</b>", "competition": 5, "show": true, "start": "2023-08-30", "finish": "2023-08-30", "emph": false, "comment": "", "slug": "cfobi-ultimo-dia-cadastro-escolas"}}, {"model": "cal.calendarevent", "pk": 93, "fields": {"name": "Último dia para inscrição de competidoras da <b>CF-OBI</b>", "competition": 5, "show": true, "start": "2023-08-31", "finish": "2023-08-31", "emph": false, "comment": "", "slug": "cfobi-ultimo-dia-inscricao"}}, {"model": "cal.calendarnationalcompetition", "pk": 1, "fields": {"name": "Feriado Nacional", "name_abbrev": "Feriado", "order": 20, "show": true, "link": null, "color": "grey-bkgd", "color_emph": "grey-bkgd"}}, {"model": "cal.calendarnationalcompetition", "pk": 2, "fields": {"name": "Evento Geral", "name_abbrev": "GERAL", "order": 1, "show": true, "link": null, "color": "light-blue-bkgd", "color_emph": "light-blue-bkgd"}}, {"model": "cal.calendarnationalcompetition", "pk": 3, "fields": {"name": "Modalidade Iniciação", "name_abbrev": "ini", "order": 2, "show": true, "link": null, "color": "dark-red-bkgd", "color_emph": "dark-red-bkgd"}}, {"model": "cal.calendarnationalcompetition", "pk": 4, "fields": {"name": "Modalidade Programação", "name_abbrev": "prog", "order": 3, "show": true, "link": null, "color": "dark-green-bkgd", "color_emph": "dark-green-bkgd"}}, {"model": "cal.calendarnationalcompetition", "pk": 5, "fields": {"name": "Competição Feminina", "name_abbrev": "cf", "order": 4, "show": true, "link": null, "color": "orange-bkgd", "color_emph": "orange-bkgd"}}, {"model": "cal.calendarnationalcompetition", "pk": 6, "fields": {"name": "Competições Internacionais", "name_abbrev": "inter", "order": 5, "show": true, "link": null, "color": "light-green-bkgd", "color_emph": "light-green-bkgd"}}, {"model": "cal.calendarnationalcompetition", "pk": 7, "fields": {"name": "Semana Olímpica", "name_abbrev": "semana", "order": 6, "show": true, "link": null, "color": "light-purple-bkgd", "color_emph": "light-purple-bkgd"}}, {"model": "cal.calendarnationalcompetition", "pk": 8, "fields": {"name": "Olimpíada Brasileira de Matemática das Escolas Públicas", "name_abbrev": "OBMEP", "order": null, "show": true, "link": "http://www.obmep.org.br", "color": "blue-bkgd", "color_emph": null}}, {"model": "cal.calendarnationalcompetition", "pk": 9, "fields": {"name": "Olimpíada Brasileira de Física", "name_abbrev": "OBF", "order": null, "show": true, "link": "http://www.sbfisica.org.br/v1/olimpiada/2020/", "color": "dark-green-bkgd", "color_emph": null}}, {"model": "cal.calendarnationalcompetition", "pk": 10, "fields": {"name": "Olimpíada Nacional em História do Brasil", "name_abbrev": "ONHB", "order": null, "show": true, "link": "https://www.olimpiadadehistoria.com.br/", "color": "light-red-bkgd", "color_emph": null}}, {"model": "cal.calendarnationalcompetition", "pk": 11, "fields": {"name": "Olimpíada Brasileira de Física das Escolas Públicas", "name_abbrev": "OBFEP", "order": null, "show": true, "link": "http://www.sbfisica.org.br/~obfep/", "color": "green-bkgd", "color_emph": null}}, {"model": "cal.calendarnationalcompetition", "pk": 12, "fields": {"name": "Olimpíada Brasileira de Química Júnior", "name_abbrev": "OBQJr", "order": null, "show": true, "link": "http://www.obquimica.org", "color": "yellow-bkgd", "color_emph": null}}, {"model": "cal.calendarnationalevent", "pk": 1, "fields": {"year": 2024, "name": "Tiradentes", "competition": 1, "show": true, "start": "2024-04-21", "finish": "2024-04-21", "test_day": false, "comment": "#", "last_update": "2024-02-27T15:48:46.721Z", "emph": false, "slug": "feriado-tiradentes"}}, {"model": "cal.calendarnationalevent", "pk": 2, "fields": {"year": 2024, "name": "Ano Novo", "competition": 1, "show": true, "start": "2024-01-01", "finish": "2024-01-01", "test_day": false, "comment": "#", "last_update": "2024-02-27T15:48:01.249Z", "emph": false, "slug": "2-ano-novo"}}, {"model": "cal.calendarnationalevent", "pk": 3, "fields": {"year": 2024, "name": "Sexta-feira Santa", "competition": 1, "show": true, "start": "2024-03-29", "finish": "2024-03-29", "test_day": false, "comment": "#", "last_update": "2024-02-27T15:50:16.677Z", "emph": false, "slug": "feriado-sexta-feira-santa"}}, {"model": "cal.calendarnationalevent", "pk": 4, "fields": {"year": 2024, "name": "Dia do Trabalho", "competition": 1, "show": true, "start": "2024-05-01", "finish": "2024-05-01", "test_day": false, "comment": "#", "last_update": "2024-02-27T15:49:06.904Z", "emph": false, "slug": "feriado-dia-do-trabalho"}}, {"model": "cal.calendarnationalevent", "pk": 5, "fields": {"year": 2024, "name": "Corpus Christi", "competition": 1, "show": true, "start": "2024-05-30", "finish": "2024-05-30", "test_day": false, "comment": "#", "last_update": "2024-02-27T15:51:38.406Z", "emph": false, "slug": "feriado-corpus-christi"}}, {"model": "cal.calendarnationalevent", "pk": 6, "fields": {"year": 2024, "name": "Independência do Brasil", "competition": 1, "show": true, "start": "2024-09-07", "finish": "2024-09-07", "test_day": false, "comment": "#", "last_update": "2024-02-27T15:52:08.273Z", "emph": false, "slug": "feriado-independencia-do-brasil"}}, {"model": "cal.calendarnationalevent", "pk": 7, "fields": {"year": 2024, "name": "Nossa Senhora Aparecida", "competition": 1, "show": true, "start": "2024-10-12", "finish": "2024-10-12", "test_day": false, "comment": "#", "last_update": "2024-02-27T15:52:21.469Z", "emph": false, "slug": "feriado-nossa-senhora-aparecida"}}, {"model": "cal.calendarnationalevent", "pk": 8, "fields": {"year": 2024, "name": "Finados", "competition": 1, "show": true, "start": "2024-11-02", "finish": "2024-11-02", "test_day": false, "comment": "#", "last_update": "2024-02-27T15:52:58.155Z", "emph": false, "slug": "feriado-finados"}}, {"model": "cal.calendarnationalevent", "pk": 9, "fields": {"year": 2024, "name": "Proclamação da República", "competition": 1, "show": true, "start": "2024-11-15", "finish": "2024-11-15", "test_day": false, "comment": "#", "last_update": "2024-02-27T15:52:45.984Z", "emph": false, "slug": "feriado-proclamacao-da-republica"}}, {"model": "cal.calendarnationalevent", "pk": 10, "fields": {"year": 2024, "name": "Natal", "competition": 1, "show": true, "start": "2024-12-25", "finish": "2024-12-25", "test_day": false, "comment": "#", "last_update": "2024-02-27T15:51:54.752Z", "emph": false, "slug": "feriado-natal"}}, {"model": "cal.calendarnationalevent", "pk": 11, "fields": {"year": 2024, "name": "Dia do Servidor Público", "competition": 1, "show": true, "start": "2024-10-28", "finish": "2024-10-28", "test_day": false, "comment": "#", "last_update": "2024-02-27T15:52:35.195Z", "emph": false, "slug": "feriado-dia-do-servidor-publico"}}, {"model": "cal.calendarnationalevent", "pk": 12, "fields": {"year": 2024, "name": "Dia da Consciência Negra", "competition": 1, "show": true, "start": "2024-11-20", "finish": "2024-11-20", "test_day": false, "comment": "#", "last_update": "2024-02-27T15:53:08.823Z", "emph": false, "slug": "feriado-dia-da-consciencia-negra"}}, {"model": "cal.calendarnationalevent", "pk": 17, "fields": {"year": 2024, "name": "Prova da Fase 1", "competition": 3, "show": true, "start": "2024-06-10", "finish": "2024-06-12", "test_day": true, "comment": "Uma única prova, realizada presencialmente na escola em qualquer dos três dias, horário de início à escolha da escola, duração uma hora.", "last_update": "2024-02-27T18:01:04.999Z", "emph": true, "slug": "ini-fase-1-prova"}}, {"model": "cal.calendarnationalevent", "pk": 18, "fields": {"year": 2024, "name": "Prova da Fase 1", "competition": 4, "show": true, "start": "2024-06-12", "finish": "2024-06-14", "test_day": true, "comment": "Uma única prova, realizada presencialmente na escola do(a) competidor(a) em qualquer dos três dias, horário de início à escolha da escola, duração duas horas. A cada dia, o ambiente de prova estará disponível das 7:00 às 20:00.  A prova deve ser iniciada no máximo 18:00.", "last_update": "2024-05-10T18:06:35.722Z", "emph": true, "slug": "prog-fase-1-prova"}}, {"model": "cal.calendarnationalevent", "pk": 21, "fields": {"year": 2024, "name": "Abertura das inscrições", "competition": 2, "show": true, "start": "2024-04-01", "finish": "2024-04-01", "test_day": false, "comment": "Cadastro de escolas e inscrição de competidores.", "last_update": "2024-04-01T22:30:49.663Z", "emph": false, "slug": "geral-abertura-inscricoes"}}, {"model": "cal.calendarnationalevent", "pk": 22, "fields": {"year": 2024, "name": "Prova da Fase 2", "competition": 3, "show": true, "start": "2024-08-09", "finish": "2024-08-09", "test_day": true, "comment": "Realizada presencialmente na escola do(a) competidor(a), horário à escolha da escola, duração uma hora.", "last_update": "2024-02-27T18:51:51.163Z", "emph": true, "slug": "ini-fase-2-prova"}}, {"model": "cal.calendarnationalevent", "pk": 23, "fields": {"year": 2024, "name": "Prova da Fase 2", "competition": 4, "show": true, "start": "2024-08-16", "finish": "2024-08-16", "test_day": true, "comment": "Realizada presencialmente na escola do(a) competidor(a), horário à escolha da escola.<ul><li>Prog. Nível Júnior: <ul><li>O ambiente de prova on-line estará aberto de 08:00 até 19:00 (horário de Brasília, estendido a pedido das escolas)<li>Duração da prova: duas horas (o competidor deve iniciar a prova no máximo 17:00) </ul><li>Prog. Nível 1, Prog. Nível 2 e Prog. Nível Sênior: <ul><li>O ambiente de prova estará aberto de até 17:00</s> 08:00 até 19:00 (horário de Brasília, estendido a pedido das escolas)<li>Duração da prova: três horas (o competidor deve iniciar a prova no máximo 16:00) </ul></ul><p>Note que a prova da Prog. Nível 1, diferentemente do ano passado, agora tem três horas de duração.", "last_update": "2024-03-02T00:26:18.419Z", "emph": true, "slug": "prog-fase-2-prova"}}, {"model": "cal.calendarnationalevent", "pk": 24, "fields": {"year": 2024, "name": "Prova da Fase 3", "competition": 4, "show": true, "start": "2024-09-28", "finish": "2024-09-28", "test_day": true, "comment": "Realizada presencialmente em escolas designadas. Horário das provas (horário de Brasília): <ul><li>Progr. Júnior: 8:00 - 12:00 (quatro horas) <li> Progr. Nível 1:  8:00 - 12:00 (quatro horas) <li>Progr. Nível 2 e Sênior: 13:00 - 18:00 (cinco horas) </ul>\r\n<p>Note que a prova da Prog. Júnior, diferentemente do ano passado, agora tem quatro horas de duração.", "last_update": "2024-03-02T00:27:56.179Z", "emph": true, "slug": "prog-fase-3-prova"}}, {"model": "cal.calendarnationalevent", "pk": 25, "fields": {"year": 2024, "name": "Prova da Fase 3", "competition": 3, "show": true, "start": "2024-09-21", "finish": "2024-09-21", "test_day": true, "comment": "Realizada presencialmente em escolas designadas. Horário das provas (horário de Brasília): <ul><li>Inic. Nível Júnior, Nível 1 e Nível 2:  10:00 - 12:00  (duas horas) </ul>", "last_update": "2024-03-01T23:39:53.070Z", "emph": true, "slug": "ini-fase-3-prova"}}, {"model": "cal.calendarnationalevent", "pk": 26, "fields": {"year": 2024, "name": "Cadernos de Tarefas das provas da Fase 1 disponibilizados para Coordenadores", "competition": 3, "show": true, "start": "2024-06-06", "finish": "2024-06-06", "test_day": false, "comment": "Para impressão. Coordenador Local deve imprimir uma cópia do Caderno de Provas e uma Folha de Respostas para cada competidor(a).", "last_update": "2024-05-10T18:03:52.425Z", "emph": false, "slug": "ini-fase-1-prova-publica-coord"}}, {"model": "cal.calendarnationalevent", "pk": 30, "fields": {"year": 2024, "name": "Cadernos de Tarefas das provas e gabaritos da Fase 2 disponibilizados no site", "competition": 4, "show": true, "start": "2024-08-19", "finish": "2024-08-19", "test_day": false, "comment": "", "last_update": "2024-02-27T18:26:16.725Z", "emph": false, "slug": "prog-fase-2-prova-publica"}}, {"model": "cal.calendarnationalevent", "pk": 31, "fields": {"year": 2024, "name": "Cadernos de Tarefas das provas e gabaritos da Fase 1 disponibilizados no site", "competition": 4, "show": true, "start": "2024-06-18", "finish": "2024-06-18", "test_day": false, "comment": "", "last_update": "2024-05-10T18:08:02.053Z", "emph": false, "slug": "prog-fase-1-prova-publica"}}, {"model": "cal.calendarnationalevent", "pk": 33, "fields": {"year": 2024, "name": "Cadernos de Tarefas das provas da Fase 3 disponibilizados para Coordenadores", "competition": 3, "show": true, "start": "2024-09-19", "finish": "2024-09-19", "test_day": false, "comment": "Para impressão; Coordenador de Sede Nacional deve imprimir uma cópia do Caderno de Provas e uma Folha de Respostas para cada competidor.", "last_update": "2024-03-01T23:39:17.517Z", "emph": false, "slug": "ini-prova-da-fase-3-publica-para-coord"}}, {"model": "cal.calendarnationalevent", "pk": 34, "fields": {"year": 2024, "name": "Cadernos de Tarefas das provas e gabaritos da Fase 3 disponibilizados no site", "competition": 4, "show": true, "start": "2024-10-02", "finish": "2024-10-02", "test_day": false, "comment": "", "last_update": "2024-03-01T23:41:35.546Z", "emph": false, "slug": "prog-fase-3-prova-publica"}}, {"model": "cal.calendarnationalevent", "pk": 37, "fields": {"year": 2024, "name": "Cadernos de Tarefas das provas e gabaritos da Fase 3 disponibilizados no site", "competition": 3, "show": true, "start": "2024-09-27", "finish": "2024-09-27", "test_day": false, "comment": "", "last_update": "2024-03-02T00:14:40.921Z", "emph": false, "slug": "ini-fase-3-prova-publica"}}, {"model": "cal.calendarnationalevent", "pk": 40, "fields": {"year": 2024, "name": "Cadernos de Tarefas das provas e gabaritos da Fase 1 disponibilizados no site", "competition": 3, "show": true, "start": "2024-06-17", "finish": "2024-06-17", "test_day": false, "comment": "", "last_update": "2024-05-10T18:05:12.091Z", "emph": false, "slug": "ini-fase-1-prova-publica"}}, {"model": "cal.calendarnationalevent", "pk": 41, "fields": {"year": 2024, "name": "Resultado preliminar da Fase 1", "competition": 2, "show": true, "start": "2024-06-25", "finish": "2024-06-25", "test_day": false, "comment": "", "last_update": "2024-05-10T18:08:26.345Z", "emph": false, "slug": "geral-fase-1-resultado-preliminar"}}, {"model": "cal.calendarnationalevent", "pk": 42, "fields": {"year": 2024, "name": "Último dia para solicitação de recorreção da Fase 1", "competition": 2, "show": true, "start": "2024-06-28", "finish": "2024-06-28", "test_day": false, "comment": "", "last_update": "2024-05-10T18:08:54.043Z", "emph": false, "slug": "geral-fase-1-solicitacao-recorrecao"}}, {"model": "cal.calendarnationalevent", "pk": 46, "fields": {"year": 2024, "name": "Cadernos de Tarefas das provas e gabaritos da Fase 2 disponibilizados no site", "competition": 3, "show": true, "start": "2024-08-15", "finish": "2024-08-15", "test_day": false, "comment": "", "last_update": "2024-02-27T18:25:39.240Z", "emph": false, "slug": "ini-fase-2-prova-publica"}}, {"model": "cal.calendarnationalevent", "pk": 47, "fields": {"year": 2024, "name": "Resultado preliminar da Fase 2", "competition": 2, "show": true, "start": "2024-08-21", "finish": "2024-08-21", "test_day": false, "comment": "", "last_update": null, "emph": false, "slug": "geral-fase-2-resultado-preliminar"}}, {"model": "cal.calendarnationalevent", "pk": 48, "fields": {"year": 2024, "name": "Último dia para solicitação de recorreção da Fase 2", "competition": 2, "show": true, "start": "2024-08-24", "finish": "2024-08-24", "test_day": false, "comment": "", "last_update": "2024-02-27T18:27:52.489Z", "emph": false, "slug": "geral-fase-2-solicitacao-recorrecao"}}, {"model": "cal.calendarnationalevent", "pk": 49, "fields": {"year": 2024, "name": "Resultado final da Fase 2", "competition": 2, "show": true, "start": "2024-08-28", "finish": "2024-08-28", "test_day": false, "comment": "", "last_update": null, "emph": false, "slug": "geral-fase-2-resultado-final"}}, {"model": "cal.calendarnationalevent", "pk": 50, "fields": {"year": 2024, "name": "Resultado preliminar da Fase 3", "competition": 2, "show": true, "start": "2024-10-07", "finish": "2024-10-07", "test_day": false, "comment": "", "last_update": "2024-02-27T18:48:37.195Z", "emph": false, "slug": "geral-fase-3-resultado-preliminar"}}, {"model": "cal.calendarnationalevent", "pk": 51, "fields": {"year": 2024, "name": "Último dia para solicitação de recorreção da Fase 3", "competition": 2, "show": true, "start": "2024-10-10", "finish": "2024-10-10", "test_day": false, "comment": "", "last_update": "2024-02-27T18:50:08.383Z", "emph": false, "slug": "geral--fase-3-solicitacao-recorrecao"}}, {"model": "cal.calendarnationalevent", "pk": 52, "fields": {"year": 2024, "name": "Resultado Final da OBI2024 e Quadro de Medalhas", "competition": 2, "show": true, "start": "2024-10-15", "finish": "2024-10-15", "test_day": false, "comment": "", "last_update": "2024-02-27T18:50:42.886Z", "emph": false, "slug": "geral-resultado-final"}}, {"model": "cal.calendarnationalevent", "pk": 53, "fields": {"year": 2024, "name": "Último dia para cadastro de escolas que participam da Modalidade Programação", "competition": 4, "show": true, "start": "2024-06-07", "finish": "2024-06-07", "test_day": false, "comment": "", "last_update": "2024-05-10T18:05:38.935Z", "emph": false, "slug": "prog-ultimo-dia-cadastro-escolas"}}, {"model": "cal.calendarnationalevent", "pk": 60, "fields": {"year": 2024, "name": "Último dia para cadastro de escolas que participam da <b>Modalidade Iniciação</b>", "competition": 3, "show": true, "start": "2024-06-07", "finish": "2024-06-07", "test_day": false, "comment": "", "last_update": "2024-05-10T18:03:27.334Z", "emph": false, "slug": "ini-ultimo-dia-cadastro-escolas"}}, {"model": "cal.calendarnationalevent", "pk": 63, "fields": {"year": 2024, "name": "Resultado final da fase 1", "competition": 2, "show": true, "start": "2024-07-01", "finish": "2024-07-01", "test_day": false, "comment": "", "last_update": "2024-05-10T18:09:42.394Z", "emph": false, "slug": "geral-fase1-resultado-final"}}, {"model": "cal.calendarnationalevent", "pk": 64, "fields": {"year": 2024, "name": "Último dia para inscrição de competidores da <b>Modalidade Programação</b>", "competition": 4, "show": true, "start": "2024-06-08", "finish": "2024-06-08", "test_day": false, "comment": "", "last_update": "2024-05-10T18:06:01.486Z", "emph": false, "slug": "prog-ultimo-dia-inscricao"}}, {"model": "cal.calendarnationalevent", "pk": 67, "fields": {"year": 2024, "name": "OBI2024", "competition": 7, "show": true, "start": "2024-12-01", "finish": "2024-12-07", "test_day": false, "comment": "Para competidores convidados da Modalidade Iniciação níveis 1 e 2, e da Modalidade Programação níveis Júnior, 1 e 2.", "last_update": "2024-02-27T18:41:34.939Z", "emph": false, "slug": "semana-olimpica"}}, {"model": "cal.calendarnationalevent", "pk": 68, "fields": {"year": 2024, "name": "Último dia para inserção as pontuações da Fase 1 por parte dos Coordenadores Locais", "competition": 3, "show": true, "start": "2024-06-21", "finish": "2024-06-21", "test_day": false, "comment": "", "last_update": "2024-05-10T18:06:58.971Z", "emph": false, "slug": "ini-fase-1-envio-respostas"}}, {"model": "cal.calendarnationalevent", "pk": 70, "fields": {"year": 2024, "name": "Último dia para envio das Folhas de Respostas da Fase 2 por parte dos Coordenadores Locais", "competition": 3, "show": true, "start": "2024-08-14", "finish": "2024-08-14", "test_day": false, "comment": "", "last_update": null, "emph": false, "slug": "ini-fase-2-envio-respostas"}}, {"model": "cal.calendarnationalevent", "pk": 73, "fields": {"year": 2024, "name": "Último dia para inscrição de competidores da <b>Modalidade Iniciação</b>", "competition": 3, "show": true, "start": "2024-06-08", "finish": "2024-06-08", "test_day": false, "comment": "", "last_update": "2024-05-10T18:04:35.508Z", "emph": false, "slug": "ini-ultimo-dia-inscricao"}}, {"model": "cal.calendarnationalevent", "pk": 74, "fields": {"year": 2024, "name": "Cadernos de Tarefas das provas da Fase 2 disponibilizados para Coordenadores", "competition": 3, "show": true, "start": "2024-08-08", "finish": "2024-08-08", "test_day": false, "comment": "Para impressão. Coordenador Local deve imprimir uma cópia do Caderno de Provas e uma Folha de Respostas para cada competidor(a).", "last_update": null, "emph": false, "slug": "ini-fase-2-prova-publica-coord"}}, {"model": "cal.calendarnationalevent", "pk": 77, "fields": {"year": 2024, "name": "Último dia para envio das Folhas de Respostas da Fase 3 por parte dos Coordenadores", "competition": 3, "show": true, "start": "2024-09-26", "finish": "2024-09-26", "test_day": false, "comment": "", "last_update": "2024-03-01T23:45:47.318Z", "emph": false, "slug": "ini-fase-3-envio-respostas"}}, {"model": "cal.calendarnationalevent", "pk": 80, "fields": {"year": 2024, "name": "Prova da CF-OBI2024", "competition": 5, "show": true, "start": "2024-09-13", "finish": "2024-09-13", "test_day": true, "comment": "Realizada presencialmente na escola da competidora, horário à escolha da escola.\r\n\r\n<ul>\r\n<li>O ambiente de prova estará aberto de 08:00 até 18:00 (horário de Brasília)</li>\r\n<li>Duração da prova: três horas (a competidora deve iniciar a prova no máximo 15:00)</li>\r\n</ul>", "last_update": "2024-02-27T18:22:57.344Z", "emph": true, "slug": "cfobi-fase-1-prova"}}, {"model": "cal.calendarnationalevent", "pk": 82, "fields": {"year": 2024, "name": "Resultado Preliminar", "competition": 5, "show": true, "start": "2024-09-16", "finish": "2024-09-16", "test_day": false, "comment": "Resultado Preliminar da CF-OBI.", "last_update": "2024-02-27T18:36:26.744Z", "emph": false, "slug": "geral-resultado-preliminar"}}, {"model": "cal.calendarnationalevent", "pk": 83, "fields": {"year": 2024, "name": "Último dia para solicitação de recorreção", "competition": 5, "show": true, "start": "2024-09-18", "finish": "2024-09-18", "test_day": false, "comment": "Último dia para solicitação de recorreção da CF-OBI.", "last_update": "2024-02-27T18:36:43.323Z", "emph": false, "slug": "geral-ultimo-dia-para-solicitacao-de-recorrecao"}}, {"model": "cal.calendarnationalevent", "pk": 87, "fields": {"year": 2024, "name": "EGOI", "competition": 6, "show": true, "start": "2024-07-21", "finish": "2024-07-27", "test_day": false, "comment": "Veldhoven, Holanda", "last_update": "2024-02-27T18:14:11.877Z", "emph": false, "slug": "egoi"}}, {"model": "cal.calendarnationalevent", "pk": 88, "fields": {"year": 2024, "name": "IOI", "competition": 6, "show": true, "start": "2024-09-01", "finish": "2024-09-08", "test_day": false, "comment": "Alexandria, Egito", "last_update": "2024-02-27T18:19:12.737Z", "emph": false, "slug": "ioi"}}, {"model": "cal.calendarnationalevent", "pk": 89, "fields": {"year": 2024, "name": "OII", "competition": 6, "show": true, "start": "2024-06-22", "finish": "2024-06-22", "test_day": false, "comment": "Data a ser confirmada.", "last_update": "2024-02-27T18:17:05.846Z", "emph": false, "slug": "oii"}}, {"model": "cal.calendarnationalevent", "pk": 92, "fields": {"year": 2024, "name": "Último dia para cadastro de escolas que participam da <b>CF-OBI</b>", "competition": 5, "show": true, "start": "2024-09-11", "finish": "2024-09-11", "test_day": false, "comment": "", "last_update": "2024-02-27T18:21:55.509Z", "emph": false, "slug": "cfobi-ultimo-dia-cadastro-escolas"}}, {"model": "cal.calendarnationalevent", "pk": 93, "fields": {"year": 2024, "name": "Último dia para inscrição de competidoras da <b>CF-OBI</b>", "competition": 5, "show": true, "start": "2024-09-12", "finish": "2024-09-12", "test_day": false, "comment": "", "last_update": "2024-02-27T18:22:37.366Z", "emph": false, "slug": "cfobi-ultimo-dia-inscricao"}}]