Maceió-AL,-9.66599,-35.735,I1=6,I2=13,IJ=5
Manaus-AM,-3.11866,-60.0212,I1=6,I2=9,IJ=9
Amargosa-BA,-13.0215,-39.602,IJ=1
Barreiras-BA,-12.1439,-44.9968,I2=2
Paulo Afonso-BA,-9.3983,-38.2216,I1=2,I2=2,IJ=4
Salvador-BA,-12.9718,-38.5011,I1=4,I2=3,IJ=5
Vitória da Conquista-BA,-14.8615,-40.8442,I1=7,I2=3,IJ=6
Amontada-CE,-3.36017,-39.8288,I1=2,I2=5,IJ=1
Barbalha-CE,-7.2982,-39.3021,I1=1,I2=1
Crato-CE,-7.2153,-39.4103,I1=2,I2=13,IJ=2
Eusébio-CE,-3.8925,-38.4559,I1=3,I2=4,IJ=5
Fortaleza-CE,-3.71664,-38.5423,I1=247,I2=228,IJ=155
Jijoca de Jericoacoara-CE,-2.79331,-40.5127,I1=2,I2=9,IJ=4
Juazeiro do Norte-CE,-7.19621,-39.3076,I1=12,I2=9,IJ=6
Limoeiro do Norte-CE,-5.14392,-38.0847,I2=1,IJ=3
Paraipaba-CE,-3.43799,-39.1479,I1=3,I2=6
Sobral-CE,-3.68913,-40.3482,I1=10,I2=17,IJ=9
Tauá-CE,-5.98585,-40.2968,I1=1,I2=1,IJ=2
Brasília-DF,-15.7795,-47.9297,I1=6,I2=13,IJ=9
Cariacica-ES,-20.2632,-40.4165,I1=1
Colatina-ES,-19.5493,-40.6269,I1=4,I2=4,IJ=5
Serra-ES,-20.121,-40.3074,I1=9,I2=5,IJ=1
Vitória-ES,-20.3155,-40.3128,I2=3
Goiânia-GO,-16.6864,-49.2643,I1=2,I2=4
Araxá-MG,-19.5902,-46.9438,IJ=38
Araçuaí-MG,-16.8523,-42.0637,I1=1,I2=1
Belo Horizonte-MG,-19.9102,-43.9266,I1=17,I2=16,IJ=6
Botelhos-MG,-21.6412,-46.391,IJ=4
Cipotânea-MG,-20.9026,-43.3629,I2=2,IJ=2
Divinópolis-MG,-20.1446,-44.8912,I1=2
Guaxupé-MG,-21.305,-46.7081,I1=3,I2=6,IJ=5
Ipatinga-MG,-19.4703,-42.5476,I1=21,I2=22
Muzambinho-MG,-21.3692,-46.5213,I1=1,I2=5,IJ=4
Oliveira-MG,-20.6982,-44.829,IJ=1
São João Evangelista-MG,-18.548,-42.7655,IJ=1
São João del Rei-MG,-21.1311,-44.2526,I2=1,IJ=3
São Tiago-MG,-20.9075,-44.5098,I2=2
Uberlândia-MG,-18.9141,-48.2749,I1=1
Vazante-MG,-17.9827,-46.9088,IJ=2
Campo Grande-MS,-20.4486,-54.6295,I2=1
Jaraguari-MS,-20.1386,-54.3996,I1=1
Alta Floresta-MT,-9.86674,-56.0867,IJ=1
Altamira-PA,-3.20407,-52.21,I1=1
Ananindeua-PA,-1.36391,-48.3743,I1=2,I2=2,IJ=8
Belém-PA,-1.4554,-48.4898,I1=14,I2=22,IJ=2
Marituba-PA,-1.36002,-48.3421,IJ=32
Campina Grande-PB,-7.22196,-35.8731,I1=9,I2=16,IJ=11
João Pessoa-PB,-7.11509,-34.8641,I1=14,I2=13,IJ=7
Limoeiro-PE,-7.8726,-35.4402,I2=1
Recife-PE,-8.04666,-34.8771,I1=49,I2=41,IJ=5
Água Branca-PI,-5.88856,-42.637,I1=12,I2=7,IJ=7
Campo Mourão-PR,-24.0463,-52.378,I1=2,I2=1
Curitiba-PR,-25.4195,-49.2646,I2=1
Ibiporã-PR,-23.2659,-51.0522,I2=1
Londrina-PR,-23.304,-51.1691,I1=7,I2=15,IJ=4
Ponta Grossa-PR,-25.0916,-50.1668,I1=4,I2=3,IJ=2
Rolândia-PR,-23.3101,-51.3659,IJ=2
Angra dos Reis-RJ,-23.0011,-44.3196,I1=1,I2=1
Niterói-RJ,-22.8832,-43.1034,I1=3,IJ=1
Resende-RJ,-22.4705,-44.4509,I2=4
Rio de Janeiro-RJ,-22.9129,-43.2003,I1=19,I2=20,IJ=1
São Gonçalo-RJ,-22.8268,-43.0634,I1=5
Natal-RN,-5.79357,-35.1986,I1=18,I2=19,IJ=3
Parnamirim-RN,-5.91116,-35.271,I1=2
Porto Velho-RO,-8.76077,-63.8999,I1=8,I2=8,IJ=18
Ivoti-RS,-29.5995,-51.1533,I1=2,IJ=6
Porto Alegre-RS,-30.0318,-51.2065,I1=2,I2=2,IJ=2
Santa Cruz do Sul-RS,-29.722,-52.4343,I1=1,I2=1
Canoinhas-SC,-26.1766,-50.395,I2=1
Florianópolis-SC,-27.5945,-48.5477,I1=3,I2=1,IJ=7
Itajaí-SC,-26.9101,-48.6705,I1=4,I2=2
Videira-SC,-27.0086,-51.1543,I2=7
Aracaju-SE,-10.9091,-37.0677,I1=35,I2=30,IJ=24
Ribeirópolis-SE,-10.5357,-37.438,I2=1
Americana-SP,-22.7374,-47.3331,I1=2,I2=5
Amparo-SP,-22.7088,-46.772,I1=4,I2=11,IJ=2
Araçatuba-SP,-21.2076,-50.4401,IJ=4
Atibaia-SP,-23.1171,-46.5563,I1=4
Bauru-SP,-22.3246,-49.0871,I2=9
Botucatu-SP,-22.8837,-48.4437,I2=1
Caieiras-SP,-23.3607,-46.7397,I1=1,I2=1,IJ=2
Campinas-SP,-22.9053,-47.0659,I1=16,I2=25,IJ=2
Cotia-SP,-23.6022,-46.919,I2=3,IJ=1
Guararema-SP,-23.4112,-46.0369,IJ=2
Guarulhos-SP,-23.4538,-46.5333,I1=1
Hortolândia-SP,-22.8529,-47.2143,I1=1
Indaiatuba-SP,-23.0816,-47.2101,I1=2,I2=9,IJ=2
Itapevi-SP,-23.5488,-46.9327,I1=1
Itu-SP,-23.2544,-47.2927,IJ=6
Jacareí-SP,-23.2983,-45.9658,I1=2
Jales-SP,-20.2672,-50.5494,I2=4
Jandira-SP,-23.5275,-46.9023,IJ=3
Jundiaí-SP,-23.1852,-46.8974,I1=4,I2=3,IJ=7
Limeira-SP,-22.566,-47.397,I1=4,I2=1,IJ=5
Mairiporã-SP,-23.3171,-46.5897,I1=3,I2=1,IJ=6
Mirassol-SP,-20.8169,-49.5206,I2=1,IJ=1
Mogi Guaçu-SP,-22.3675,-46.9428,I1=1,I2=1,IJ=1
Mogi Mirim-SP,-22.4332,-46.9532,I1=1,I2=5,IJ=1
Mogi das Cruzes-SP,-23.5208,-46.1854,I1=3,I2=5,IJ=1
Osasco-SP,-23.5324,-46.7916,IJ=1
Paulínia-SP,-22.7542,-47.1488,I1=2,I2=3
Pompéia-SP,-22.107,-50.176,I1=3,I2=2,IJ=6
Pontal-SP,-21.0216,-48.0423,I2=2
Presidente Prudente-SP,-22.1207,-51.3925,I1=1,I2=1,IJ=3
Ribeirão Preto-SP,-21.1699,-47.8099,I1=6,I2=5,IJ=1
Rio Claro-SP,-22.3984,-47.5546,IJ=4
Roseira-SP,-22.8938,-45.307,I1=1,IJ=1
Salto-SP,-23.1996,-47.2931,I1=2,I2=5
Santa Bárbara d'Oeste-SP,-22.7553,-47.4143,I1=1
Santa Isabel-SP,-23.3172,-46.2237,I1=1,I2=4
Santana de Parnaíba-SP,-23.4439,-46.9178,I1=3,I2=6,IJ=1
Santo André-SP,-23.6737,-46.5432,I1=4,I2=1
Santos-SP,-23.9535,-46.335,I1=3,I2=1
Suzano-SP,-23.5448,-46.3112,IJ=3
São Bernardo do Campo-SP,-23.6914,-46.5646,I1=4,I2=4,IJ=1
São Caetano do Sul-SP,-23.6229,-46.5548,I2=4
São Carlos-SP,-22.0174,-47.886,I2=1
São José dos Campos-SP,-23.1896,-45.8841,I1=23,I2=35,IJ=9
São João da Boa Vista-SP,-21.9707,-46.7944,I1=5,IJ=1
São Paulo-SP,-23.5329,-46.6395,I1=95,I2=128,IJ=122
Taubaté-SP,-23.0104,-45.5593,IJ=1
Teodoro Sampaio-SP,-22.5299,-52.1682,IJ=3
Valinhos-SP,-22.9698,-46.9974,I1=23,I2=20,IJ=20
Vinhedo-SP,-23.0302,-46.9833,I2=3,IJ=1
Votuporanga-SP,-20.4237,-49.9781,I2=1
