Cruzeiro do Sul|AC|-7.62762|-72.6756
Rio Branco|AC|-9.97499|-67.8243
Sena Madureira|AC|-9.06596|-68.6571
Arapiraca|AL|-9.75487|-36.6615
Maceió|AL|-9.66599|-35.735
Palmeira dos Índios|AL|-9.40568|-36.6328
Piranhas|AL|-9.624|-37.757
Rio Largo|AL|-9.47783|-35.8394
União dos Palmares|AL|-9.15921|-36.0223
Boca do Acre|AM|-8.74232|-67.3919
Eirunepé|AM|-6.65677|-69.8662
Manacapuru|AM|-3.29066|-60.6216
Manaus|AM|-3.11866|-60.0212
Parintins|AM|-2.63741|-56.729
Presidente Figueiredo|AM|-2.02981|-60.0234
São Gabriel da Cachoeira|AM|-0.11909|-67.084
Macapá|AP|0.034934|-51.0694
Amargosa|BA|-13.0215|-39.602
Barreiras|BA|-12.1439|-44.9968
Euclides da Cunha|BA|-10.5078|-39.0153
Guanambi|BA|-14.2231|-42.7799
Itarantim|BA|-15.6528|-40.065
Jequié|BA|-13.8509|-40.0877
Juazeiro|BA|-9.41622|-40.5033
Paulo Afonso|BA|-9.3983|-38.2216
Porto Seguro|BA|-16.4435|-39.0643
Salvador|BA|-12.9718|-38.5011
Santa Luzia|BA|-15.4342|-39.3287
Santo Amaro|BA|-12.5472|-38.7137
Seabra|BA|-12.4169|-41.7722
Tucano|BA|-10.9584|-38.7894
Vitória da Conquista|BA|-14.8615|-40.8442
Abaiara|CE|-7.34588|-39.0416
Acopiara|CE|-6.08911|-39.448
Amontada|CE|-3.36017|-39.8288
Barbalha|CE|-7.2982|-39.3021
Canindé|CE|-4.35162|-39.3155
Caridade|CE|-4.22514|-39.1912
Caririaçu|CE|-7.02808|-39.2828
Cascavel|CE|-4.12967|-38.2412
Caucaia|CE|-3.72797|-38.6619
Crateús|CE|-5.16768|-40.6536
Crato|CE|-7.2153|-39.4103
Eusébio|CE|-3.8925|-38.4559
Fortaleza|CE|-3.71664|-38.5423
Guaraciaba do Norte|CE|-4.15814|-40.7476
Iguatu|CE|-6.36281|-39.2892
Itarema|CE|-2.9248|-39.9167
Jijoca de Jericoacoara|CE|-2.79331|-40.5127
Juazeiro do Norte|CE|-7.19621|-39.3076
Limoeiro do Norte|CE|-5.14392|-38.0847
Maracanaú|CE|-3.86699|-38.6259
Maranguape|CE|-3.89143|-38.6829
Paraipaba|CE|-3.43799|-39.1479
Parambu|CE|-6.20768|-40.6905
Pedra Branca|CE|-5.45341|-39.7078
Poranga|CE|-4.74672|-40.9205
Quixadá|CE|-4.9663|-39.0155
Quixeramobim|CE|-5.19067|-39.2889
Reriutaba|CE|-4.14191|-40.5759
Sobral|CE|-3.68913|-40.3482
São Gonçalo do Amarante|CE|-3.60515|-38.9726
Tauá|CE|-5.98585|-40.2968
Tianguá|CE|-3.72965|-40.9923
Uruburetama|CE|-3.62316|-39.5107
Viçosa do Ceará|CE|-3.5667|-41.0916
Brasília|DF|-15.7795|-47.9297
Alegre|ES|-20.758|-41.5382
Baixo Guandu|ES|-19.5213|-41.0109
Cariacica|ES|-20.2632|-40.4165
Colatina|ES|-19.5493|-40.6269
Serra|ES|-20.121|-40.3074
São Mateus|ES|-18.7214|-39.8579
Vitória|ES|-20.3155|-40.3128
Águia Branca|ES|-18.9846|-40.7437
Anápolis|GO|-16.3281|-48.953
Campos Belos|GO|-13.035|-46.7681
Ceres|GO|-15.3061|-49.6
Cristalina|GO|-16.7676|-47.6131
Goiânia|GO|-16.6864|-49.2643
Itumbiara|GO|-18.4093|-49.2158
Luziânia|GO|-16.253|-47.95
Morrinhos|GO|-17.7334|-49.1059
Rio Verde|GO|-17.7923|-50.9192
Barra do Corda|MA|-5.49682|-45.2485
Brejo|MA|-3.67796|-42.7527
Caxias|MA|-4.86505|-43.3617
Chapadinha|MA|-3.73875|-43.3538
Coroatá|MA|-4.13442|-44.1244
Cururupu|MA|-1.81475|-44.8644
Dom Pedro|MA|-5.03518|-44.4409
Grajaú|MA|-5.81367|-46.1462
Pastos Bons|MA|-6.60296|-44.0745
Presidente Dutra|MA|-5.2898|-44.495
Santa Helena|MA|-2.24426|-45.29
Santa Luzia do Paruá|MA|-2.51123|-45.7801
São Luís|MA|-2.53874|-44.2825
Vitória do Mearim|MA|-3.45125|-44.8643
Alto Caparaó|MG|-20.431|-41.8738
Araxá|MG|-19.5902|-46.9438
Araçuaí|MG|-16.8523|-42.0637
Barbacena|MG|-21.2214|-43.7703
Belo Horizonte|MG|-19.9102|-43.9266
Betim|MG|-19.9668|-44.2008
Botelhos|MG|-21.6412|-46.391
Cabo Verde|MG|-21.4699|-46.3919
Carmo de Minas|MG|-22.1204|-45.1307
Cipotânea|MG|-20.9026|-43.3629
Contagem|MG|-19.9321|-44.0539
Divinópolis|MG|-20.1446|-44.8912
Florestal|MG|-19.888|-44.4318
Guaxupé|MG|-21.305|-46.7081
Ibirité|MG|-20.0252|-44.0569
Inconfidentes|MG|-22.3136|-46.3264
Ipatinga|MG|-19.4703|-42.5476
Itabira|MG|-19.6239|-43.2312
Itabirito|MG|-20.2501|-43.8038
Itajubá|MG|-22.4225|-45.4598
Itaúna|MG|-20.0818|-44.5801
Ituiutaba|MG|-18.9772|-49.4639
Leopoldina|MG|-21.5296|-42.6421
Machado|MG|-21.6778|-45.9219
Manhuaçu|MG|-20.2572|-42.028
Matias Barbosa|MG|-21.869|-43.3135
Monte Carmelo|MG|-18.7302|-47.4912
Monte Sião|MG|-22.4335|-46.573
Montes Claros|MG|-16.7282|-43.8578
Muriaé|MG|-21.13|-42.3693
Muzambinho|MG|-21.3692|-46.5213
Nova Resende|MG|-21.1286|-46.4157
Oliveira|MG|-20.6982|-44.829
Ouro Branco|MG|-20.5263|-43.6962
Ouro Preto|MG|-20.3796|-43.512
Pará de Minas|MG|-19.8534|-44.6114
Patos de Minas|MG|-18.5699|-46.5013
Patrocínio|MG|-18.9379|-46.9934
Ponte Nova|MG|-20.4111|-42.8978
Pouso Alegre|MG|-22.2266|-45.9389
Poços de Caldas|MG|-21.78|-46.5692
Rio Pomba|MG|-21.2712|-43.1696
Santa Rita do Sapucaí|MG|-22.2461|-45.7034
São João Evangelista|MG|-18.548|-42.7655
São João del Rei|MG|-21.1311|-44.2526
São Lourenço|MG|-22.1166|-45.0506
São Tiago|MG|-20.9075|-44.5098
Timóteo|MG|-19.5811|-42.6471
Três Corações|MG|-21.6921|-45.2511
Uberaba|MG|-19.7472|-47.9381
Uberlândia|MG|-18.9141|-48.2749
Varginha|MG|-21.5556|-45.4364
Vazante|MG|-17.9827|-46.9088
Viçosa|MG|-20.7559|-42.8742
Aquidauana|MS|-20.4666|-55.7868
Bataguassu|MS|-21.7159|-52.4221
Campo Grande|MS|-20.4486|-54.6295
Corumbá|MS|-19.0077|-57.651
Jaraguari|MS|-20.1386|-54.3996
Naviraí|MS|-23.0618|-54.1995
Nova Andradina|MS|-22.238|-53.3437
Novo Horizonte do Sul|MS|-22.6693|-53.8601
Ponta Porã|MS|-22.5296|-55.7203
Alta Floresta|MT|-9.86674|-56.0867
Barra do Garças|MT|-15.8804|-52.264
Cuiabá|MT|-15.601|-56.0974
Cáceres|MT|-16.0764|-57.6818
Sinop|MT|-11.8604|-55.5091
São José dos Quatro Marcos|MT|-15.6276|-58.1772
Abaetetuba|PA|-1.72183|-48.8788
Altamira|PA|-3.20407|-52.21
Ananindeua|PA|-1.36391|-48.3743
Belém|PA|-1.4554|-48.4898
Itaituba|PA|-4.2667|-55.9926
Marabá|PA|-5.38075|-49.1327
Marituba|PA|-1.36002|-48.3421
Paragominas|PA|-3.00212|-47.3527
Cajazeiras|PB|-6.88004|-38.5577
Campina Grande|PB|-7.22196|-35.8731
Catolé do Rocha|PB|-6.34062|-37.747
Itaporanga|PB|-7.30202|-38.1504
João Pessoa|PB|-7.11509|-34.8641
Monteiro|PB|-7.88363|-37.1184
Patos|PB|-7.01743|-37.2747
Picuí|PB|-6.50845|-36.3497
Sousa|PB|-6.75148|-38.2311
Belo Jardim|PE|-8.3313|-36.4258
Buíque|PE|-8.61954|-37.1606
Cabo de Santo Agostinho|PE|-8.28218|-35.0253
Caruaru|PE|-8.28455|-35.9699
Garanhuns|PE|-8.88243|-36.4966
Itapissuma|PE|-7.76798|-34.8971
Jaboatão dos Guararapes|PE|-8.11298|-35.015
Limoeiro|PE|-7.8726|-35.4402
Recife|PE|-8.04666|-34.8771
São José do Belmonte|PE|-7.85723|-38.7577
Timbaúba|PE|-7.50484|-35.3119
Alto Longá|PI|-5.25634|-42.2096
Corrente|PI|-10.4333|-45.1633
Parnaíba|PI|-2.90585|-41.7754
Pedro II|PI|-4.42585|-41.4482
São Raimundo Nonato|PI|-9.01241|-42.6987
Teresina|PI|-5.09194|-42.8034
Água Branca|PI|-5.88856|-42.637
Apucarana|PR|-23.55|-51.4635
Arapongas|PR|-23.4153|-51.4259
Araucária|PR|-25.5859|-49.4047
Campo Mourão|PR|-24.0463|-52.378
Cascavel|PR|-24.9573|-53.459
Curitiba|PR|-25.4195|-49.2646
Foz do Iguaçu|PR|-25.5427|-54.5827
Guarapuava|PR|-25.3902|-51.4623
Guaíra|PR|-24.085|-54.2573
Ibiporã|PR|-23.2659|-51.0522
Irati|PR|-25.4697|-50.6493
Londrina|PR|-23.304|-51.1691
Paranaguá|PR|-25.5161|-48.5225
Pinhais|PR|-25.4429|-49.1927
Ponta Grossa|PR|-25.0916|-50.1668
Quedas do Iguaçu|PR|-25.4492|-52.9102
Rolândia|PR|-23.3101|-51.3659
Santa Helena|PR|-24.8585|-54.336
São José dos Pinhais|PR|-25.5313|-49.2031
Umuarama|PR|-23.7656|-53.3201
União da Vitória|PR|-26.2273|-51.0873
Angra dos Reis|RJ|-23.0011|-44.3196
Aperibé|RJ|-21.6252|-42.1017
Arraial do Cabo|RJ|-22.9774|-42.0267
Campos dos Goytacazes|RJ|-21.7622|-41.3181
Casimiro de Abreu|RJ|-22.4812|-42.2066
Itaperuna|RJ|-21.1997|-41.8799
Macaé|RJ|-22.3768|-41.7848
Niterói|RJ|-22.8832|-43.1034
Nova Friburgo|RJ|-22.2932|-42.5377
Nova Iguaçu|RJ|-22.7556|-43.4603
Paracambi|RJ|-22.6078|-43.7108
Petrópolis|RJ|-22.52|-43.1926
Resende|RJ|-22.4705|-44.4509
Rio das Ostras|RJ|-22.5174|-41.9475
Rio de Janeiro|RJ|-22.9129|-43.2003
Sapucaia|RJ|-21.9949|-42.9142
São Gonçalo|RJ|-22.8268|-43.0634
São João de Meriti|RJ|-22.8058|-43.3729
Volta Redonda|RJ|-22.5202|-44.0996
Ceará-Mirim|RN|-5.64323|-35.4247
Extremoz|RN|-5.70143|-35.3048
Mossoró|RN|-5.18374|-37.3474
Natal|RN|-5.79357|-35.1986
Parelhas|RN|-6.68491|-36.6566
Parnamirim|RN|-5.91116|-35.271
Pau dos Ferros|RN|-6.10498|-38.2077
Santa Cruz|RN|-6.22475|-36.0193
São Paulo do Potengi|RN|-5.8994|-35.7642
Porto Velho|RO|-8.76077|-63.8999
Boa Vista|RR|2.82384|-60.6753
Alegrete|RS|-29.7902|-55.7949
Camaquã|RS|-30.8489|-51.8043
Canoas|RS|-29.9128|-51.1857
Caxias do Sul|RS|-29.1629|-51.1792
Erechim|RS|-27.6364|-52.2697
Feliz|RS|-29.4527|-51.3032
Frederico Westphalen|RS|-27.3586|-53.3958
Garibaldi|RS|-29.259|-51.5352
Gravataí|RS|-29.9413|-50.9869
Ijuí|RS|-28.388|-53.92
Ivoti|RS|-29.5995|-51.1533
Panambi|RS|-28.2833|-53.5023
Passo Fundo|RS|-28.2576|-52.4091
Picada Café|RS|-29.4464|-51.1367
Porto Alegre|RS|-30.0318|-51.2065
Rio Grande|RS|-32.0349|-52.1071
Santa Cruz do Sul|RS|-29.722|-52.4343
Santa Maria|RS|-29.6868|-53.8149
Santo Ângelo|RS|-28.3001|-54.2668
São Vicente do Sul|RS|-29.6882|-54.6826
Vacaria|RS|-28.5079|-50.9418
Araquari|SC|-26.3754|-48.7188
Barra Velha|SC|-26.637|-48.6933
Blumenau|SC|-26.9155|-49.0709
Bom Retiro|SC|-27.799|-49.487
Brusque|SC|-27.0977|-48.9107
Canoinhas|SC|-26.1766|-50.395
Chapecó|SC|-27.1004|-52.6152
Florianópolis|SC|-27.5945|-48.5477
Gaspar|SC|-26.9336|-48.9534
Itajaí|SC|-26.9101|-48.6705
Jaraguá do Sul|SC|-26.4851|-49.0713
Joinville|SC|-26.3045|-48.8487
Rio do Sul|SC|-27.2156|-49.643
São José|SC|-27.6136|-48.6366
Videira|SC|-27.0086|-51.1543
Aracaju|SE|-10.9091|-37.0677
Carira|SE|-10.3524|-37.7002
Ribeirópolis|SE|-10.5357|-37.438
Americana|SP|-22.7374|-47.3331
Amparo|SP|-22.7088|-46.772
Araraquara|SP|-21.7845|-48.178
Araras|SP|-22.3572|-47.3842
Araçatuba|SP|-21.2076|-50.4401
Atibaia|SP|-23.1171|-46.5563
Avaré|SP|-23.1067|-48.9251
Bariri|SP|-22.073|-48.7438
Barretos|SP|-20.5531|-48.5698
Barueri|SP|-23.5057|-46.879
Bastos|SP|-21.921|-50.7357
Bauru|SP|-22.3246|-49.0871
Bebedouro|SP|-20.9491|-48.4791
Botucatu|SP|-22.8837|-48.4437
Bragança Paulista|SP|-22.9527|-46.5419
Cachoeira Paulista|SP|-22.6665|-45.0154
Caieiras|SP|-23.3607|-46.7397
Caiuá|SP|-21.8322|-51.9969
Campinas|SP|-22.9053|-47.0659
Capivari|SP|-22.9951|-47.5071
Carapicuíba|SP|-23.5235|-46.8407
Cerquilho|SP|-23.1665|-47.7459
Colina|SP|-20.7114|-48.5387
Cotia|SP|-23.6022|-46.919
Cubatão|SP|-23.8911|-46.424
Diadema|SP|-23.6813|-46.6205
Ferraz de Vasconcelos|SP|-23.5411|-46.371
Franca|SP|-20.5352|-47.4039
Garça|SP|-22.2125|-49.6546
Guararema|SP|-23.4112|-46.0369
Guaratinguetá|SP|-22.8075|-45.1938
Guariba|SP|-21.3594|-48.2316
Guarulhos|SP|-23.4538|-46.5333
Holambra|SP|-22.6405|-47.0487
Hortolândia|SP|-22.8529|-47.2143
Ibaté|SP|-21.9584|-47.9882
Ibiúna|SP|-23.6596|-47.223
Indaiatuba|SP|-23.0816|-47.2101
Itapecerica da Serra|SP|-23.7161|-46.8572
Itapetininga|SP|-23.5886|-48.0483
Itapevi|SP|-23.5488|-46.9327
Itapira|SP|-22.4357|-46.8224
Itatiba|SP|-23.0035|-46.8464
Itu|SP|-23.2544|-47.2927
Jacareí|SP|-23.2983|-45.9658
Jaguariúna|SP|-22.7037|-46.9851
Jales|SP|-20.2672|-50.5494
Jandira|SP|-23.5275|-46.9023
Jundiaí|SP|-23.1852|-46.8974
Leme|SP|-22.1809|-47.3841
Limeira|SP|-22.566|-47.397
Lins|SP|-21.6718|-49.7526
Lorena|SP|-22.7334|-45.1197
Mairiporã|SP|-23.3171|-46.5897
Marília|SP|-22.2171|-49.9501
Mauá|SP|-23.6677|-46.4613
Mirassol|SP|-20.8169|-49.5206
Mococa|SP|-21.4647|-47.0024
Mogi Guaçu|SP|-22.3675|-46.9428
Mogi Mirim|SP|-22.4332|-46.9532
Mogi das Cruzes|SP|-23.5208|-46.1854
Novo Horizonte|SP|-21.4651|-49.2234
Olímpia|SP|-20.7366|-48.9106
Orlândia|SP|-20.7169|-47.8852
Osasco|SP|-23.5324|-46.7916
Paulínia|SP|-22.7542|-47.1488
Piracicaba|SP|-22.7338|-47.6476
Pirangi|SP|-21.0886|-48.6607
Pirassununga|SP|-21.996|-47.4257
Pompéia|SP|-22.107|-50.176
Pontal|SP|-21.0216|-48.0423
Praia Grande|SP|-24.0084|-46.4121
Presidente Epitácio|SP|-21.7651|-52.1111
Presidente Prudente|SP|-22.1207|-51.3925
Regente Feijó|SP|-22.2181|-51.3055
Ribeirão Preto|SP|-21.1699|-47.8099
Rio Claro|SP|-22.3984|-47.5546
Roseira|SP|-22.8938|-45.307
Salto|SP|-23.1996|-47.2931
Santa Bárbara d'Oeste|SP|-22.7553|-47.4143
Santa Isabel|SP|-23.3172|-46.2237
Santa Rita do Passa Quatro|SP|-21.7083|-47.478
Santana de Parnaíba|SP|-23.4439|-46.9178
Santo André|SP|-23.6737|-46.5432
Santos|SP|-23.9535|-46.335
Socorro|SP|-22.5903|-46.5251
Sorocaba|SP|-23.4969|-47.4451
Sumaré|SP|-22.8204|-47.2728
Suzano|SP|-23.5448|-46.3112
São Bernardo do Campo|SP|-23.6914|-46.5646
São Caetano do Sul|SP|-23.6229|-46.5548
São Carlos|SP|-22.0174|-47.886
São José do Rio Pardo|SP|-21.5953|-46.8873
São José do Rio Preto|SP|-20.8113|-49.3758
São José dos Campos|SP|-23.1896|-45.8841
São João da Boa Vista|SP|-21.9707|-46.7944
São Paulo|SP|-23.5329|-46.6395
São Vicente|SP|-23.9574|-46.3883
Tatuí|SP|-23.3487|-47.8461
Taubaté|SP|-23.0104|-45.5593
Teodoro Sampaio|SP|-22.5299|-52.1682
Tietê|SP|-23.1101|-47.7164
Tupã|SP|-21.9335|-50.5191
Valinhos|SP|-22.9698|-46.9974
Vinhedo|SP|-23.0302|-46.9833
Votuporanga|SP|-20.4237|-49.9781
Araguaína|TO|-7.19238|-48.2044
Tocantinópolis|TO|-6.32447|-47.4224
